운용전환일자,등록일자,운용확정일자,등록자ID,등록자명,승인상태,G2B_목록번호,G2B_목록명,물품고유번호,취득일자,취득금액,운용부서,신청구분,운용상태,물품상태,사유
2007-01-04,2007-01-04,2007-01-14,badbergjr,박대리,확정,4321150324343967,노트북컴퓨터,M200600735,2006-08-19,1057000,학생지원팀(ERICA),운용전환(직접),운용,신품,학생지원팀(ERICA)로 운용전환(직접인계) 신청
2023-02-03,2023-02-03,2023-02-16,badbergjr,박대리,확정,4321150324343967,노트북컴퓨터,M202200398,2022-08-02,1084000,경상대학RC행정팀(ERICA),운용전환(직접),운용,신품,경상대학RC행정팀(ERICA)로 운용전환(직접인계) 신청
2016-03-04,2016-03-04,2016-03-07,badbergjr,박대리,확정,4321150324343967,노트북컴퓨터,M201500701,2015-09-07,1000000,경상대학RC행정팀(ERICA),운용전환(직접),운용,신품,경상대학RC행정팀(ERICA)로 운용전환(직접인계) 신청
2015-07-17,2015-07-17,2015-07-24,badbergjr,박대리,확정,4321150324510198,노트북컴퓨터,M201400502,2014-10-30,515000,학생지원팀(ERICA),운용전환(직접),운용,신품,학생지원팀(ERICA)로 운용전환(직접인계) 신청
2008-04-29,2008-04-29,2008-05-12,badbergjr,박대리,확정,4321150324510198,노트북컴퓨터,M200700739,2007-09-16,493000,시설팀(ERICA),운용전환(직접),운용,신품,시설팀(ERICA)로 운용전환(직접인계) 신청
2011-11-16,2011-11-16,2011-11-29,badbergjr,박대리,확정,4321150724355228,데스크톱컴퓨터,M201100160,2011-05-31,2292000,경상대학RC행정팀(ERICA),운용전환(직접),운용,신품,경상대학RC행정팀(ERICA)로 운용전환(직접인계) 신청
2017-04-16,2017-04-16,2017-04-20,badbergjr,박대리,확정,4321150724355228,데스크톱컴퓨터,M201600830,2016-10-27,2453000,경상대학RC행정팀(ERICA),운용전환(직접),운용,신품,경상대학RC행정팀(ERICA)로 운용전환(직접인계) 신청
2022-10-24,2022-10-24,2022-11-02,badbergjr,박대리,확정,4321150724355228,데스크톱컴퓨터,M202200433,2022-01-27,2532000,소프트웨어융합대학RC행정팀(ERICA),운용전환(직접),운용,신품,소프트웨어융합대학RC행정팀(ERICA)로 운용전환(직접인계) 신청
2009-05-29,2009-05-29,2009-06-06,badbergjr,박대리,확정,4321150724355228,데스크톱컴퓨터,M200800969,2008-09-25,2325000,소프트웨어융합대학RC행정팀(ERICA),운용전환(직접),운용,신품,소프트웨어융합대학RC행정팀(ERICA)로 운용전환(직접인계) 신청
2015-07-14,2015-07-14,2015-07-24,badbergjr,박대리,확정,4321150724355228,데스크톱컴퓨터,M201500761,2015-02-23,2248000,학생지원팀(ERICA),운용전환(직접),운용,신품,학생지원팀(ERICA)로 운용전환(직접인계) 신청
2013-12-20,2013-12-20,2014-01-02,badbergjr,박대리,확정,4321150724355228,데스크톱컴퓨터,M201300522,2013-08-16,2369000,공학대학RC행정팀(ERICA),운용전환(직접),운용,신품,공학대학RC행정팀(ERICA)로 운용전환(직접인계) 신청
2020-08-14,2020-08-14,2020-08-28,badbergjr,박대리,확정,4321150724355228,데스크톱컴퓨터,M201900649,2019-11-20,2331000,소프트웨어융합대학RC행정팀(ERICA),운용전환(직접),운용,신품,소프트웨어융합대학RC행정팀(ERICA)로 운용전환(직접인계) 신청
2014-10-07,2014-10-07,2014-10-15,badbergjr,박대리,확정,4321150724158946,데스크톱컴퓨터,M201400513,2014-05-16,533000,글로벌문화통상대학RC행정팀(ERICA),운용전환(직접),운용,신품,글로벌문화통상대학RC행정팀(ERICA)로 운용전환(직접인계) 신청
2006-10-11,2006-10-11,2006-10-14,badbergjr,박대리,확정,4321150724158946,데스크톱컴퓨터,M200600755,2006-04-05,471000,공학대학RC행정팀(ERICA),운용전환(직접),운용,신품,공학대학RC행정팀(ERICA)로 운용전환(직접인계) 신청
2012-11-24,2012-11-24,2012-12-01,badbergjr,박대리,확정,4321150724158946,데스크톱컴퓨터,M201200285,2012-06-10,475000,소프트웨어융합대학RC행정팀(ERICA),운용전환(직접),운용,신품,소프트웨어융합대학RC행정팀(ERICA)로 운용전환(직접인계) 신청
2013-10-20,2013-10-20,2013-10-29,badbergjr,박대리,확정,4321190224407366,액정모니터,M201300526,2013-06-17,497000,경상대학RC행정팀(ERICA),운용전환(직접),운용,신품,경상대학RC행정팀(ERICA)로 운용전환(직접인계) 신청
2013-05-02,2013-05-02,2013-05-14,badbergjr,박대리,확정,4321190224407366,액정모니터,M201200323,2012-10-16,449000,글로벌문화통상대학RC행정팀(ERICA),운용전환(직접),운용,신품,글로벌문화통상대학RC행정팀(ERICA)로 운용전환(직접인계) 신청
2023-10-24,2023-10-24,2023-11-02,badbergjr,박대리,확정,4321190224407366,액정모니터,M202300425,2023-06-20,458000,소프트웨어융합대학RC행정팀(ERICA),운용전환(직접),운용,신품,소프트웨어융합대학RC행정팀(ERICA)로 운용전환(직접인계) 신청
2008-07-03,2008-07-03,2008-07-06,badbergjr,박대리,확정,5216150523860502,텔레비전,M200800995,2008-01-12,1308000,시설팀(ERICA),운용전환(직접),운용,신품,시설팀(ERICA)로 운용전환(직접인계) 신청
2018-12-04,2018-12-04,2018-12-13,badbergjr,박대리,확정,5610170325114372,책상,M201800794,2018-04-09,5566000,경상대학RC행정팀(ERICA),운용전환(직접),운용,신품,경상대학RC행정팀(ERICA)로 운용전환(직접인계) 신청
2017-08-01,2017-08-01,2017-08-11,badbergjr,박대리,확정,5610170325114372,책상,M201700662,2017-02-16,5450000,시설팀(ERICA),운용전환(직접),운용,신품,시설팀(ERICA)로 운용전환(직접인계) 신청
2019-02-03,2019-02-03,2019-02-13,badbergjr,박대리,확정,5610170325114372,책상,M201800780,2018-08-29,5531000,학생지원팀(ERICA),운용전환(직접),운용,신품,학생지원팀(ERICA)로 운용전환(직접인계) 신청
2005-11-08,2005-11-08,2005-11-19,badbergjr,박대리,확정,5610170325114372,책상,M200501094,2005-02-14,5612000,시설팀(ERICA),운용전환(직접),운용,신품,시설팀(ERICA)로 운용전환(직접인계) 신청
2016-03-15,2016-03-15,2016-03-23,badbergjr,박대리,확정,5610170325114372,책상,M201500809,2015-08-16,5624000,소프트웨어융합대학RC행정팀(ERICA),운용전환(직접),운용,신품,소프트웨어융합대학RC행정팀(ERICA)로 운용전환(직접인계) 신청
2025-06-10,2025-06-10,2025-06-24,badbergjr,박대리,확정,5610170325114372,책상,M202500654,2025-01-07,5715000,소프트웨어융합대학RC행정팀(ERICA),운용전환(직접),운용,신품,소프트웨어융합대학RC행정팀(ERICA)로 운용전환(직접인계) 신청
2018-08-27,2018-08-27,2018-09-01,badbergjr,박대리,확정,5610170325114372,책상,M201800802,2018-05-05,5714000,소프트웨어융합대학RC행정팀(ERICA),운용전환(직접),운용,신품,소프트웨어융합대학RC행정팀(ERICA)로 운용전환(직접인계) 신청
2018-02-13,2018-02-13,2018-02-18,badbergjr,박대리,확정,5610170325114372,책상,M201700671,2017-06-29,5684000,학생지원팀(ERICA),운용전환(직접),운용,신품,학생지원팀(ERICA)로 운용전환(직접인계) 신청
2023-09-21,2023-09-21,2023-09-29,badbergjr,박대리,확정,5611210224128496,작업용의자,M202300465,2023-02-25,83000,학생지원팀(ERICA),운용전환(직접),운용,신품,학생지원팀(ERICA)로 운용전환(직접인계) 신청
2010-07-04,2010-07-04,2010-07-08,badbergjr,박대리,확정,5611210224128496,작업용의자,M200901209,2009-12-12,84000,소프트웨어융합대학RC행정팀(ERICA),운용전환(직접),운용,신품,소프트웨어융합대학RC행정팀(ERICA)로 운용전환(직접인계) 신청
2018-12-25,2018-12-25,2019-01-07,badbergjr,박대리,확정,5611210224128496,작업용의자,M201800873,2018-03-24,88000,경상대학RC행정팀(ERICA),운용전환(직접),운용,신품,경상대학RC행정팀(ERICA)로 운용전환(직접인계) 신청
2018-11-11,2018-11-11,2018-11-19,badbergjr,박대리,확정,5611210224128496,작업용의자,M201800875,2018-03-24,88000,소프트웨어융합대학RC행정팀(ERICA),운용전환(직접),운용,신품,소프트웨어융합대학RC행정팀(ERICA)로 운용전환(직접인계) 신청
2010-01-19,2010-01-19,2010-01-30,badbergjr,박대리,확정,5611210224128496,작업용의자,M200901187,2009-08-04,78000,글로벌문화통상대학RC행정팀(ERICA),운용전환(직접),운용,신품,글로벌문화통상대학RC행정팀(ERICA)로 운용전환(직접인계) 신청
2025-11-07,2025-11-07,2025-11-11,badbergjr,박대리,확정,5611210224128496,작업용의자,M202500671,2025-02-09,92000,시설팀(ERICA),운용전환(직접),운용,신품,시설팀(ERICA)로 운용전환(직접인계) 신청
2024-09-18,2024-09-18,2024-09-30,badbergjr,박대리,확정,5611210224128496,작업용의자,M202400637,2024-04-30,86000,소프트웨어융합대학RC행정팀(ERICA),운용전환(직접),운용,신품,소프트웨어융합대학RC행정팀(ERICA)로 운용전환(직접인계) 신청
2005-11-29,2005-11-29,2005-12-03,badbergjr,박대리,확정,5611210224128496,작업용의자,M200501139,2005-05-13,84000,시설팀(ERICA),운용전환(직접),운용,신품,시설팀(ERICA)로 운용전환(직접인계) 신청
2015-10-05,2015-10-05,2015-10-19,badbergjr,박대리,확정,5611210224128496,작업용의자,M201500845,2015-05-15,88000,시설팀(ERICA),운용전환(직접),운용,신품,시설팀(ERICA)로 운용전환(직접인계) 신청
2018-04-09,2018-04-09,2018-04-15,badbergjr,박대리,확정,5611210824917370,책상용콤비의자,M201700734,2017-09-20,415000,경상대학RC행정팀(ERICA),운용전환(직접),운용,신품,경상대학RC행정팀(ERICA)로 운용전환(직접인계) 신청
2005-05-24,2005-05-24,2005-06-02,badbergjr,박대리,확정,5611210824917370,책상용콤비의자,M200501150,2005-01-14,433000,학생지원팀(ERICA),운용전환(직접),운용,신품,학생지원팀(ERICA)로 운용전환(직접인계) 신청
2008-02-26,2008-02-26,2008-03-02,badbergjr,박대리,확정,5611210824917370,책상용콤비의자,M200700870,2007-08-16,417000,경상대학RC행정팀(ERICA),운용전환(직접),운용,신품,경상대학RC행정팀(ERICA)로 운용전환(직접인계) 신청
2015-09-06,2015-09-06,2015-09-18,badbergjr,박대리,확정,5612179825616834,칠판보조장,M201500853,2015-03-10,9471000,학생지원팀(ERICA),운용전환(직접),운용,신품,학생지원팀(ERICA)로 운용전환(직접인계) 신청
2022-10-14,2022-10-14,2022-10-20,badbergjr,박대리,확정,5612179825616834,칠판보조장,M202200495,2022-05-22,10668000,시설팀(ERICA),운용전환(직접),운용,신품,시설팀(ERICA)로 운용전환(직접인계) 신청
2017-01-21,2017-01-21,2017-01-30,badbergjr,박대리,확정,4411191125460962,인터랙티브화이트보드및액세서리,M201600862,2016-07-01,23244000,공학대학RC행정팀(ERICA),운용전환(직접),운용,신품,공학대학RC행정팀(ERICA)로 운용전환(직접인계) 신청
2024-12-01,2024-12-01,2024-12-08,badbergjr,박대리,확정,5610170622575869,회의용탁자,M202400615,2024-06-12,774000,공학대학RC행정팀(ERICA),운용전환(직접),운용,신품,공학대학RC행정팀(ERICA)로 운용전환(직접인계) 신청
2008-12-07,2008-12-07,2008-12-16,badbergjr,박대리,확정,5610170622575869,회의용탁자,M200801023,2008-04-11,715000,소프트웨어융합대학RC행정팀(ERICA),운용전환(직접),운용,신품,소프트웨어융합대학RC행정팀(ERICA)로 운용전환(직접인계) 신청
2008-01-29,2008-01-29,2008-02-03,badbergjr,박대리,확정,5610170622575869,회의용탁자,M200700835,2007-07-23,734000,소프트웨어융합대학RC행정팀(ERICA),운용전환(직접),운용,신품,소프트웨어융합대학RC행정팀(ERICA)로 운용전환(직접인계) 신청
2008-09-26,2008-09-26,2008-10-05,badbergjr,박대리,확정,5610170622575869,회의용탁자,M200700806,2007-12-23,684000,공학대학RC행정팀(ERICA),운용전환(직접),운용,신품,공학대학RC행정팀(ERICA)로 운용전환(직접인계) 신청
2005-09-29,2005-09-29,2005-10-07,badbergjr,박대리,확정,4321150324343967,노트북컴퓨터,M200500820,2005-05-01,946000,공학대학RC행정팀(ERICA),운용전환(직접),운용,신품,공학대학RC행정팀(ERICA)로 운용전환(직접인계) 신청
2011-11-06,2011-11-06,2011-11-11,badbergjr,박대리,확정,4321150324343967,노트북컴퓨터,M201100100,2011-06-03,965000,소프트웨어융합대학RC행정팀(ERICA),운용전환(직접),운용,신품,소프트웨어융합대학RC행정팀(ERICA)로 운용전환(직접인계) 신청
2021-07-20,2021-07-20,2021-07-27,badbergjr,박대리,확정,4321150324343967,노트북컴퓨터,M202000416,2020-12-30,1061000,공학대학RC행정팀(ERICA),운용전환(직접),운용,신품,공학대학RC행정팀(ERICA)로 운용전환(직접인계) 신청
2014-12-20,2014-12-20,2015-01-02,badbergjr,박대리,확정,4321150324343967,노트북컴퓨터,M201400438,2014-04-10,990000,공학대학RC행정팀(ERICA),운용전환(직접),운용,신품,공학대학RC행정팀(ERICA)로 운용전환(직접인계) 신청
2022-02-13,2022-02-13,2022-02-20,badbergjr,박대리,확정,4321150324343967,노트북컴퓨터,M202100225,2021-05-03,1070000,소프트웨어융합대학RC행정팀(ERICA),운용전환(직접),운용,신품,소프트웨어융합대학RC행정팀(ERICA)로 운용전환(직접인계) 신청
2015-07-26,2015-07-26,2015-08-04,badbergjr,박대리,확정,4321150324343967,노트북컴퓨터,M201500592,2015-01-15,1111000,경상대학RC행정팀(ERICA),운용전환(직접),운용,신품,경상대학RC행정팀(ERICA)로 운용전환(직접인계) 신청
2020-01-07,2020-01-07,2020-01-14,badbergjr,박대리,확정,4321150324510198,노트북컴퓨터,M201900524,2019-08-05,531000,소프트웨어융합대학RC행정팀(ERICA),운용전환(직접),운용,신품,소프트웨어융합대학RC행정팀(ERICA)로 운용전환(직접인계) 신청
2014-07-02,2014-07-02,2014-07-06,badbergjr,박대리,확정,4321150324510198,노트북컴퓨터,M201300358,2013-09-30,487000,소프트웨어융합대학RC행정팀(ERICA),운용전환(직접),운용,신품,소프트웨어융합대학RC행정팀(ERICA)로 운용전환(직접인계) 신청
2014-04-15,2014-04-15,2014-04-27,badbergjr,박대리,확정,4321150324510198,노트북컴퓨터,M201300363,2013-09-30,487000,소프트웨어융합대학RC행정팀(ERICA),운용전환(직접),운용,신품,소프트웨어융합대학RC행정팀(ERICA)로 운용전환(직접인계) 신청
2009-11-07,2009-11-07,2009-11-21,badbergjr,박대리,확정,4321150324510198,노트북컴퓨터,M200900891,2009-03-22,492000,소프트웨어융합대학RC행정팀(ERICA),운용전환(직접),운용,신품,소프트웨어융합대학RC행정팀(ERICA)로 운용전환(직접인계) 신청
2009-11-24,2009-11-24,2009-12-07,badbergjr,박대리,확정,4321150324510198,노트북컴퓨터,M200900892,2009-03-22,492000,경상대학RC행정팀(ERICA),운용전환(직접),운용,신품,경상대학RC행정팀(ERICA)로 운용전환(직접인계) 신청
2009-07-17,2009-07-17,2009-07-26,badbergjr,박대리,확정,4321150324510198,노트북컴퓨터,M200900897,2009-03-22,492000,시설팀(ERICA),운용전환(직접),운용,신품,시설팀(ERICA)로 운용전환(직접인계) 신청
2021-12-24,2021-12-24,2021-12-29,badbergjr,박대리,확정,4321150724355228,데스크톱컴퓨터,M202100288,2021-05-03,2543000,글로벌문화통상대학RC행정팀(ERICA),운용전환(직접),운용,신품,글로벌문화통상대학RC행정팀(ERICA)로 운용전환(직접인계) 신청
2007-05-17,2007-05-17,2007-05-20,badbergjr,박대리,확정,4321150724355228,데스크톱컴퓨터,M200600672,2006-12-16,2199000,경상대학RC행정팀(ERICA),운용전환(직접),운용,신품,경상대학RC행정팀(ERICA)로 운용전환(직접인계) 신청
2013-11-22,2013-11-22,2013-11-29,badbergjr,박대리,확정,4321150724355228,데스크톱컴퓨터,M201300402,2013-05-16,2418000,경상대학RC행정팀(ERICA),운용전환(직접),운용,신품,경상대학RC행정팀(ERICA)로 운용전환(직접인계) 신청
2025-05-27,2025-05-27,2025-06-08,badbergjr,박대리,확정,4321150724355228,데스크톱컴퓨터,M202400503,2024-11-04,2435000,글로벌문화통상대학RC행정팀(ERICA),운용전환(직접),운용,신품,글로벌문화통상대학RC행정팀(ERICA)로 운용전환(직접인계) 신청
2006-10-24,2006-10-24,2006-10-28,badbergjr,박대리,확정,4321150724158946,데스크톱컴퓨터,M200600665,2006-06-17,490000,글로벌문화통상대학RC행정팀(ERICA),운용전환(직접),운용,신품,글로벌문화통상대학RC행정팀(ERICA)로 운용전환(직접인계) 신청
2014-02-26,2014-02-26,2014-03-04,badbergjr,박대리,확정,4321150724158946,데스크톱컴퓨터,M201300379,2013-06-13,487000,시설팀(ERICA),운용전환(직접),운용,신품,시설팀(ERICA)로 운용전환(직접인계) 신청
2019-05-01,2019-05-01,2019-05-11,badbergjr,박대리,확정,4321150724158946,데스크톱컴퓨터,M201800657,2018-08-10,512000,경상대학RC행정팀(ERICA),운용전환(직접),운용,신품,경상대학RC행정팀(ERICA)로 운용전환(직접인계) 신청
2019-04-07,2019-04-07,2019-04-11,badbergjr,박대리,확정,4321150724158946,데스크톱컴퓨터,M201800668,2018-08-10,512000,학생지원팀(ERICA),운용전환(직접),운용,신품,학생지원팀(ERICA)로 운용전환(직접인계) 신청
2024-11-30,2024-11-30,2024-12-13,badbergjr,박대리,확정,4321150724158946,데스크톱컴퓨터,M202400486,2024-05-20,515000,글로벌문화통상대학RC행정팀(ERICA),운용전환(직접),운용,신품,글로벌문화통상대학RC행정팀(ERICA)로 운용전환(직접인계) 신청
2006-07-20,2006-07-20,2006-07-24,badbergjr,박대리,확정,4321150724158946,데스크톱컴퓨터,M200500868,2005-12-22,468000,소프트웨어융합대학RC행정팀(ERICA),운용전환(직접),운용,신품,소프트웨어융합대학RC행정팀(ERICA)로 운용전환(직접인계) 신청
2006-08-18,2006-08-18,2006-08-26,badbergjr,박대리,확정,4321150724158946,데스크톱컴퓨터,M200500851,2005-12-28,460000,공학대학RC행정팀(ERICA),운용전환(직접),운용,신품,공학대학RC행정팀(ERICA)로 운용전환(직접인계) 신청
2006-04-23,2006-04-23,2006-05-06,badbergjr,박대리,확정,4321150724158946,데스크톱컴퓨터,M200500854,2005-12-28,460000,글로벌문화통상대학RC행정팀(ERICA),운용전환(직접),운용,신품,글로벌문화통상대학RC행정팀(ERICA)로 운용전환(직접인계) 신청
2017-06-08,2017-06-08,2017-06-19,badbergjr,박대리,확정,4321150724158946,데스크톱컴퓨터,M201600703,2016-11-21,487000,경상대학RC행정팀(ERICA),운용전환(직접),운용,신품,경상대학RC행정팀(ERICA)로 운용전환(직접인계) 신청
2024-07-21,2024-07-21,2024-07-29,badbergjr,박대리,확정,4321150724158946,데스크톱컴퓨터,M202400496,2024-01-04,562000,공학대학RC행정팀(ERICA),운용전환(직접),운용,신품,공학대학RC행정팀(ERICA)로 운용전환(직접인계) 신청
2006-07-04,2006-07-04,2006-07-15,badbergjr,박대리,확정,4321150724158946,데스크톱컴퓨터,M200600635,2006-02-06,483000,학생지원팀(ERICA),운용전환(직접),운용,신품,학생지원팀(ERICA)로 운용전환(직접인계) 신청
2006-06-30,2006-06-30,2006-07-08,badbergjr,박대리,확정,4321150724158946,데스크톱컴퓨터,M200600638,2006-02-06,483000,공학대학RC행정팀(ERICA),운용전환(직접),운용,신품,공학대학RC행정팀(ERICA)로 운용전환(직접인계) 신청
2013-04-03,2013-04-03,2013-04-15,badbergjr,박대리,확정,4321150724158946,데스크톱컴퓨터,M201200257,2012-11-16,482000,공학대학RC행정팀(ERICA),운용전환(직접),운용,신품,공학대학RC행정팀(ERICA)로 운용전환(직접인계) 신청
2018-08-09,2018-08-09,2018-08-19,badbergjr,박대리,확정,4321150724158946,데스크톱컴퓨터,M201800649,2018-01-19,486000,공학대학RC행정팀(ERICA),운용전환(직접),운용,신품,공학대학RC행정팀(ERICA)로 운용전환(직접인계) 신청
2018-10-22,2018-10-22,2018-10-25,badbergjr,박대리,확정,4321150724158946,데스크톱컴퓨터,M201800655,2018-01-19,486000,공학대학RC행정팀(ERICA),운용전환(직접),운용,신품,공학대학RC행정팀(ERICA)로 운용전환(직접인계) 신청
2020-05-13,2020-05-13,2020-05-24,badbergjr,박대리,확정,4321190224407366,액정모니터,M202000447,2020-01-10,482000,경상대학RC행정팀(ERICA),운용전환(직접),운용,신품,경상대학RC행정팀(ERICA)로 운용전환(직접인계) 신청
2020-06-22,2020-06-22,2020-07-06,badbergjr,박대리,확정,4321190224407366,액정모니터,M202000454,2020-01-10,482000,소프트웨어융합대학RC행정팀(ERICA),운용전환(직접),운용,신품,소프트웨어융합대학RC행정팀(ERICA)로 운용전환(직접인계) 신청
2020-06-16,2020-06-16,2020-06-27,badbergjr,박대리,확정,4321190224407366,액정모니터,M202000455,2020-01-10,482000,공학대학RC행정팀(ERICA),운용전환(직접),운용,신품,공학대학RC행정팀(ERICA)로 운용전환(직접인계) 신청
2007-11-02,2007-11-02,2007-11-05,badbergjr,박대리,확정,4321190224407366,액정모니터,M200700647,2007-02-07,448000,글로벌문화통상대학RC행정팀(ERICA),운용전환(직접),운용,신품,글로벌문화통상대학RC행정팀(ERICA)로 운용전환(직접인계) 신청
2012-07-04,2012-07-04,2012-07-15,badbergjr,박대리,확정,4321190224407366,액정모니터,M201200278,2012-02-12,473000,공학대학RC행정팀(ERICA),운용전환(직접),운용,신품,공학대학RC행정팀(ERICA)로 운용전환(직접인계) 신청
2007-07-17,2007-07-17,2007-07-29,badbergjr,박대리,확정,4321210523858386,레이저프린터,M200700654,2007-02-20,3223000,경상대학RC행정팀(ERICA),운용전환(직접),운용,신품,경상대학RC행정팀(ERICA)로 운용전환(직접인계) 신청
2017-01-27,2017-01-27,2017-01-30,badbergjr,박대리,확정,4321210523858386,레이저프린터,M201600711,2016-08-11,3371000,시설팀(ERICA),운용전환(직접),운용,신품,시설팀(ERICA)로 운용전환(직접인계) 신청
2020-11-15,2020-11-15,2020-11-18,badbergjr,박대리,확정,4321171124204348,스캐너,M202000443,2020-03-15,5399000,공학대학RC행정팀(ERICA),운용전환(직접),운용,신품,공학대학RC행정팀(ERICA)로 운용전환(직접인계) 신청
2018-10-18,2018-10-18,2018-10-24,badbergjr,박대리,확정,4322260923908131,네트워크라우터,M201800702,2018-04-29,518000,공학대학RC행정팀(ERICA),운용전환(직접),운용,신품,공학대학RC행정팀(ERICA)로 운용전환(직접인계) 신청
2009-08-22,2009-08-22,2009-08-26,badbergjr,박대리,확정,4322260923908131,네트워크라우터,M200900933,2009-02-11,503000,경상대학RC행정팀(ERICA),운용전환(직접),운용,신품,경상대학RC행정팀(ERICA)로 운용전환(직접인계) 신청
2010-08-06,2010-08-06,2010-08-10,badbergjr,박대리,확정,4320180323809899,하드디스크드라이브,M200900873,2009-12-11,4809000,시설팀(ERICA),운용전환(직접),운용,신품,시설팀(ERICA)로 운용전환(직접인계) 신청
2024-06-19,2024-06-19,2024-06-26,badbergjr,박대리,확정,4320180323809899,하드디스크드라이브,M202300351,2023-11-24,5063000,시설팀(ERICA),운용전환(직접),운용,신품,시설팀(ERICA)로 운용전환(직접인계) 신청
2009-09-27,2009-09-27,2009-10-10,badbergjr,박대리,확정,4322330822060848,네트워크시스템장비용랙,M200900936,2009-03-03,803000,경상대학RC행정팀(ERICA),운용전환(직접),운용,신품,경상대학RC행정팀(ERICA)로 운용전환(직접인계) 신청
2008-02-08,2008-02-08,2008-02-20,badbergjr,박대리,확정,5216150523860502,텔레비전,M200700660,2007-07-07,1251000,글로벌문화통상대학RC행정팀(ERICA),운용전환(직접),운용,신품,글로벌문화통상대학RC행정팀(ERICA)로 운용전환(직접인계) 신청
2005-08-20,2005-08-20,2005-08-29,badbergjr,박대리,확정,5610170325114372,책상,M200500903,2005-03-04,5017000,소프트웨어융합대학RC행정팀(ERICA),운용전환(직접),운용,신품,소프트웨어융합대학RC행정팀(ERICA)로 운용전환(직접인계) 신청
2015-12-13,2015-12-13,2015-12-18,badbergjr,박대리,확정,5610170325114372,책상,M201500659,2015-08-22,5252000,시설팀(ERICA),운용전환(직접),운용,신품,시설팀(ERICA)로 운용전환(직접인계) 신청
2020-10-23,2020-10-23,2020-10-31,badbergjr,박대리,확정,5610170325114372,책상,M202000471,2020-04-06,5361000,시설팀(ERICA),운용전환(직접),운용,신품,시설팀(ERICA)로 운용전환(직접인계) 신청
2008-04-04,2008-04-04,2008-04-11,badbergjr,박대리,확정,5611210224128496,작업용의자,M200700700,2007-07-21,77000,공학대학RC행정팀(ERICA),운용전환(직접),운용,신품,공학대학RC행정팀(ERICA)로 운용전환(직접인계) 신청
2009-07-20,2009-07-20,2009-07-28,badbergjr,박대리,확정,5611210224128496,작업용의자,M200800848,2008-11-16,81000,글로벌문화통상대학RC행정팀(ERICA),운용전환(직접),운용,신품,글로벌문화통상대학RC행정팀(ERICA)로 운용전환(직접인계) 신청
2008-08-11,2008-08-11,2008-08-18,badbergjr,박대리,확정,5611210224128496,작업용의자,M200800867,2008-02-15,83000,공학대학RC행정팀(ERICA),운용전환(직접),운용,신품,공학대학RC행정팀(ERICA)로 운용전환(직접인계) 신청
2014-01-13,2014-01-13,2014-01-26,badbergjr,박대리,확정,5611210224128496,작업용의자,M201300463,2013-09-24,80000,소프트웨어융합대학RC행정팀(ERICA),운용전환(직접),운용,신품,소프트웨어융합대학RC행정팀(ERICA)로 운용전환(직접인계) 신청
2014-05-24,2014-05-24,2014-06-06,badbergjr,박대리,확정,5611210224128496,작업용의자,M201300465,2013-09-24,80000,공학대학RC행정팀(ERICA),운용전환(직접),운용,신품,공학대학RC행정팀(ERICA)로 운용전환(직접인계) 신청
2017-11-24,2017-11-24,2017-12-04,badbergjr,박대리,확정,5611210224128496,작업용의자,M201700578,2017-06-09,88000,소프트웨어융합대학RC행정팀(ERICA),운용전환(직접),운용,신품,소프트웨어융합대학RC행정팀(ERICA)로 운용전환(직접인계) 신청
2018-05-15,2018-05-15,2018-05-24,badbergjr,박대리,확정,5611210224128496,작업용의자,M201700542,2017-10-06,81000,소프트웨어융합대학RC행정팀(ERICA),운용전환(직접),운용,신품,소프트웨어융합대학RC행정팀(ERICA)로 운용전환(직접인계) 신청
2010-01-16,2010-01-16,,badbergjr,박대리,반려,5611210824917370,책상용콤비의자,M200901005,2009-04-18,426000,소프트웨어융합대학RC행정팀(ERICA),운용전환(직접),운용,신품,소프트웨어융합대학RC행정팀(ERICA)로 운용전환(직접인계) 신청
2024-07-02,2024-07-02,2024-07-16,badbergjr,박대리,확정,4411191125460962,인터랙티브화이트보드및액세서리,M202400518,2024-02-01,23886000,소프트웨어융합대학RC행정팀(ERICA),운용전환(직접),운용,신품,소프트웨어융합대학RC행정팀(ERICA)로 운용전환(직접인계) 신청
2024-09-15,2024-09-15,2024-09-22,badbergjr,박대리,확정,4411191125460962,인터랙티브화이트보드및액세서리,M202400522,2024-02-01,23886000,소프트웨어융합대학RC행정팀(ERICA),운용전환(직접),운용,신품,소프트웨어융합대학RC행정팀(ERICA)로 운용전환(직접인계) 신청
2025-07-01,2025-07-01,2025-07-05,badbergjr,박대리,확정,5610170622575869,회의용탁자,M202400552,2024-11-21,818000,소프트웨어융합대학RC행정팀(ERICA),운용전환(직접),운용,신품,소프트웨어융합대학RC행정팀(ERICA)로 운용전환(직접인계) 신청
2006-01-23,2006-01-23,2006-02-03,badbergjr,박대리,확정,5610170622575869,회의용탁자,M200500926,2005-08-17,688000,공학대학RC행정팀(ERICA),운용전환(직접),운용,신품,공학대학RC행정팀(ERICA)로 운용전환(직접인계) 신청
2010-01-10,2010-01-10,2010-01-15,badbergjr,박대리,확정,5610170622575869,회의용탁자,M200900980,2009-06-25,775000,경상대학RC행정팀(ERICA),운용전환(직접),운용,신품,경상대학RC행정팀(ERICA)로 운용전환(직접인계) 신청
2008-11-10,2008-11-10,2008-11-15,badbergjr,박대리,확정,4410150325652906,다기능복사기,M200800819,2008-07-19,400000,학생지원팀(ERICA),운용전환(직접),운용,신품,학생지원팀(ERICA)로 운용전환(직접인계) 신청
2016-02-06,2016-02-06,2016-02-16,badbergjr,박대리,확정,4016160225676461,공기청정기,M201500590,2015-05-23,766000,시설팀(ERICA),운용전환(직접),운용,신품,시설팀(ERICA)로 운용전환(직접인계) 신청
2009-04-16,2009-04-16,2009-04-29,badbergjr,박대리,확정,5612200222443915,실험실용보관장또는보조용품,M200800876,2008-08-25,232000,공학대학RC행정팀(ERICA),운용전환(직접),운용,신품,공학대학RC행정팀(ERICA)로 운용전환(직접인계) 신청
2008-09-24,2008-09-24,2008-09-30,badbergjr,박대리,확정,5612200222443915,실험실용보관장또는보조용품,M200800871,2008-02-17,231000,시설팀(ERICA),운용전환(직접),운용,신품,시설팀(ERICA)로 운용전환(직접인계) 신청
2010-07-08,2010-07-08,2010-07-16,badbergjr,박대리,확정,5612200222443915,실험실용보관장또는보조용품,M200901024,2009-11-04,218000,공학대학RC행정팀(ERICA),운용전환(직접),운용,신품,공학대학RC행정팀(ERICA)로 운용전환(직접인계) 신청
2009-01-07,2009-01-07,2009-01-11,badbergjr,박대리,확정,5612200222443915,실험실용보관장또는보조용품,M200800878,2008-04-20,236000,공학대학RC행정팀(ERICA),운용전환(직접),운용,신품,공학대학RC행정팀(ERICA)로 운용전환(직접인계) 신청
2006-11-18,2006-11-18,2006-11-25,badbergjr,박대리,확정,4321150324510198,노트북컴퓨터,M200600996,2006-04-11,481000,공학대학RC행정팀(ERICA),운용전환(직접),운용,신품,공학대학RC행정팀(ERICA)로 운용전환(직접인계) 신청
2006-12-25,2006-12-25,2007-01-01,badbergjr,박대리,확정,4321150324510198,노트북컴퓨터,M200601002,2006-04-11,481000,글로벌문화통상대학RC행정팀(ERICA),운용전환(직접),운용,신품,글로벌문화통상대학RC행정팀(ERICA)로 운용전환(직접인계) 신청
2024-07-17,2024-07-17,2024-07-31,badbergjr,박대리,확정,4321150324510198,노트북컴퓨터,M202400686,2024-01-11,542000,소프트웨어융합대학RC행정팀(ERICA),운용전환(직접),운용,신품,소프트웨어융합대학RC행정팀(ERICA)로 운용전환(직접인계) 신청
2010-11-10,2010-11-10,2010-11-15,badbergjr,박대리,확정,4321150724355228,데스크톱컴퓨터,M201000033,2010-04-19,2350000,공학대학RC행정팀(ERICA),운용전환(직접),운용,신품,공학대학RC행정팀(ERICA)로 운용전환(직접인계) 신청
2010-12-13,2010-12-13,2010-12-27,badbergjr,박대리,확정,4321150724355228,데스크톱컴퓨터,M201000042,2010-04-19,2350000,학생지원팀(ERICA),운용전환(직접),운용,신품,학생지원팀(ERICA)로 운용전환(직접인계) 신청
2016-02-21,2016-02-21,2016-03-02,badbergjr,박대리,확정,4321150724355228,데스크톱컴퓨터,M201500950,2015-07-19,2469000,공학대학RC행정팀(ERICA),운용전환(직접),운용,신품,공학대학RC행정팀(ERICA)로 운용전환(직접인계) 신청
2021-10-29,2021-10-29,2021-11-03,badbergjr,박대리,확정,4321150724355228,데스크톱컴퓨터,M202100442,2021-03-01,2539000,시설팀(ERICA),운용전환(직접),운용,신품,시설팀(ERICA)로 운용전환(직접인계) 신청
2014-05-09,2014-05-09,2014-05-22,badbergjr,박대리,확정,4321150724158946,데스크톱컴퓨터,M201300667,2013-10-06,476000,소프트웨어융합대학RC행정팀(ERICA),운용전환(직접),운용,신품,소프트웨어융합대학RC행정팀(ERICA)로 운용전환(직접인계) 신청
2020-05-19,2020-05-19,2020-05-30,badbergjr,박대리,확정,4321150724158946,데스크톱컴퓨터,M201900755,2019-12-13,493000,소프트웨어융합대학RC행정팀(ERICA),운용전환(직접),운용,신품,소프트웨어융합대학RC행정팀(ERICA)로 운용전환(직접인계) 신청
2025-06-13,2025-06-13,2025-06-26,badbergjr,박대리,확정,4321150724158946,데스크톱컴퓨터,M202500744,2025-01-31,520000,공학대학RC행정팀(ERICA),운용전환(직접),운용,신품,공학대학RC행정팀(ERICA)로 운용전환(직접인계) 신청
2025-07-31,2025-07-31,2025-08-14,badbergjr,박대리,확정,4321150724158946,데스크톱컴퓨터,M202500748,2025-01-31,520000,학생지원팀(ERICA),운용전환(직접),운용,신품,학생지원팀(ERICA)로 운용전환(직접인계) 신청
2005-10-13,2005-10-13,2005-10-16,badbergjr,박대리,확정,4321190224407366,액정모니터,M200501269,2005-05-12,453000,시설팀(ERICA),운용전환(직접),운용,신품,시설팀(ERICA)로 운용전환(직접인계) 신청
2020-01-01,2020-01-01,2020-01-13,badbergjr,박대리,확정,4321190224407366,액정모니터,M201900769,2019-07-11,515000,글로벌문화통상대학RC행정팀(ERICA),운용전환(직접),운용,신품,글로벌문화통상대학RC행정팀(ERICA)로 운용전환(직접인계) 신청
2010-01-17,2010-01-17,2010-01-24,badbergjr,박대리,확정,4321190224407366,액정모니터,M200901325,2009-09-25,456000,글로벌문화통상대학RC행정팀(ERICA),운용전환(직접),운용,신품,글로벌문화통상대학RC행정팀(ERICA)로 운용전환(직접인계) 신청
2024-01-11,2024-01-11,2024-01-14,badbergjr,박대리,확정,4321210523858386,레이저프린터,M202300505,2023-09-28,3293000,경상대학RC행정팀(ERICA),운용전환(직접),운용,신품,경상대학RC행정팀(ERICA)로 운용전환(직접인계) 신청
2017-01-10,2017-01-10,2017-01-19,badbergjr,박대리,확정,4320180323809899,하드디스크드라이브,M201600935,2016-09-18,5117000,경상대학RC행정팀(ERICA),운용전환(직접),운용,신품,경상대학RC행정팀(ERICA)로 운용전환(직접인계) 신청
2018-07-13,2018-07-13,2018-07-21,badbergjr,박대리,확정,5610170325114372,책상,M201700820,2017-12-28,5467000,공학대학RC행정팀(ERICA),운용전환(직접),운용,신품,공학대학RC행정팀(ERICA)로 운용전환(직접인계) 신청
2009-02-21,2009-02-21,2009-02-26,badbergjr,박대리,확정,5610170325114372,책상,M200801142,2008-08-24,5435000,글로벌문화통상대학RC행정팀(ERICA),운용전환(직접),운용,신품,글로벌문화통상대학RC행정팀(ERICA)로 운용전환(직접인계) 신청
2010-07-23,2010-07-23,2010-08-04,badbergjr,박대리,확정,5611210224128496,작업용의자,M200901409,2009-12-27,83000,소프트웨어융합대학RC행정팀(ERICA),운용전환(직접),운용,신품,소프트웨어융합대학RC행정팀(ERICA)로 운용전환(직접인계) 신청
2010-08-06,2010-08-06,2010-08-12,badbergjr,박대리,확정,5611210224128496,작업용의자,M200901410,2009-12-27,83000,공학대학RC행정팀(ERICA),운용전환(직접),운용,신품,공학대학RC행정팀(ERICA)로 운용전환(직접인계) 신청
2024-12-21,2024-12-21,2025-01-02,badbergjr,박대리,확정,5611210224128496,작업용의자,M202400715,2024-09-04,89000,경상대학RC행정팀(ERICA),운용전환(직접),운용,신품,경상대학RC행정팀(ERICA)로 운용전환(직접인계) 신청
2017-05-10,2017-05-10,2017-05-24,badbergjr,박대리,확정,5611210224128496,작업용의자,M201600999,2016-09-20,87000,시설팀(ERICA),운용전환(직접),운용,신품,시설팀(ERICA)로 운용전환(직접인계) 신청
2017-10-27,2017-10-27,2017-11-03,badbergjr,박대리,확정,5611210824917370,책상용콤비의자,M201700851,2017-03-22,425000,시설팀(ERICA),운용전환(직접),운용,신품,시설팀(ERICA)로 운용전환(직접인계) 신청
2018-06-07,2018-06-07,2018-06-13,badbergjr,박대리,확정,5612179825616834,칠판보조장,M201700861,2017-10-05,9751000,소프트웨어융합대학RC행정팀(ERICA),운용전환(직접),운용,신품,소프트웨어융합대학RC행정팀(ERICA)로 운용전환(직접인계) 신청
2018-05-29,2018-05-29,2018-06-09,badbergjr,박대리,확정,4411191125460962,인터랙티브화이트보드및액세서리,M201700797,2017-09-20,24029000,경상대학RC행정팀(ERICA),운용전환(직접),운용,신품,경상대학RC행정팀(ERICA)로 운용전환(직접인계) 신청
2007-03-07,2007-03-07,2007-03-14,badbergjr,박대리,확정,5610150222528723,소파,M200601018,2006-09-14,686000,시설팀(ERICA),운용전환(직접),운용,신품,시설팀(ERICA)로 운용전환(직접인계) 신청
2016-12-10,2016-12-10,2016-12-24,badbergjr,박대리,확정,5610170622575869,회의용탁자,M201600973,2016-04-20,768000,시설팀(ERICA),운용전환(직접),운용,신품,시설팀(ERICA)로 운용전환(직접인계) 신청
2019-11-01,2019-11-01,2019-11-11,badbergjr,박대리,확정,5610170622575869,회의용탁자,M201900777,2019-02-12,831000,학생지원팀(ERICA),운용전환(직접),운용,신품,학생지원팀(ERICA)로 운용전환(직접인계) 신청
2010-04-08,2010-04-08,2010-04-17,badbergjr,박대리,확정,4512150425468676,디지털카메라,M200901346,2009-11-04,2625000,경상대학RC행정팀(ERICA),운용전환(직접),운용,신품,경상대학RC행정팀(ERICA)로 운용전환(직접인계) 신청
2017-03-04,2017-03-04,2017-03-17,badbergjr,박대리,확정,4410150325652906,다기능복사기,M201600945,2016-06-17,419000,경상대학RC행정팀(ERICA),운용전환(직접),운용,신품,경상대학RC행정팀(ERICA)로 운용전환(직접인계) 신청
2014-01-16,2014-01-16,2014-01-27,badbergjr,박대리,확정,4321150324343967,노트북컴퓨터,M201300542,2013-06-06,996000,공학대학RC행정팀(ERICA),운용전환(직접),운용,신품,공학대학RC행정팀(ERICA)로 운용전환(직접인계) 신청
2021-08-25,2021-08-25,2021-08-28,badbergjr,박대리,확정,4321150324343967,노트북컴퓨터,M202000603,2020-12-30,1092000,소프트웨어융합대학RC행정팀(ERICA),운용전환(직접),운용,신품,소프트웨어융합대학RC행정팀(ERICA)로 운용전환(직접인계) 신청
2014-04-10,2014-04-10,2014-04-14,badbergjr,박대리,확정,4321150324510198,노트북컴퓨터,M201300564,2013-08-17,499000,시설팀(ERICA),운용전환(직접),운용,신품,시설팀(ERICA)로 운용전환(직접인계) 신청
2021-12-17,2021-12-17,2021-12-22,badbergjr,박대리,확정,4321150324510198,노트북컴퓨터,M202100363,2021-06-17,509000,글로벌문화통상대학RC행정팀(ERICA),운용전환(직접),운용,신품,글로벌문화통상대학RC행정팀(ERICA)로 운용전환(직접인계) 신청
2021-12-05,2021-12-05,2021-12-09,badbergjr,박대리,확정,4321150324510198,노트북컴퓨터,M202100373,2021-06-17,509000,시설팀(ERICA),운용전환(직접),운용,신품,시설팀(ERICA)로 운용전환(직접인계) 신청
2008-10-17,2008-10-17,2008-10-20,badbergjr,박대리,확정,4321150324510198,노트북컴퓨터,M200801040,2008-02-08,490000,학생지원팀(ERICA),운용전환(직접),운용,신품,학생지원팀(ERICA)로 운용전환(직접인계) 신청
2020-06-02,2020-06-02,2020-06-05,badbergjr,박대리,확정,4321150724158946,데스크톱컴퓨터,M201900705,2019-09-05,503000,시설팀(ERICA),운용전환(직접),운용,신품,시설팀(ERICA)로 운용전환(직접인계) 신청
2019-06-16,2019-06-16,2019-06-30,badbergjr,박대리,확정,4321150724158946,데스크톱컴퓨터,M201900720,2019-01-10,516000,경상대학RC행정팀(ERICA),운용전환(직접),운용,신품,경상대학RC행정팀(ERICA)로 운용전환(직접인계) 신청
2020-12-12,2020-12-12,2020-12-20,badbergjr,박대리,확정,4321190224407366,액정모니터,M202000619,2020-06-05,485000,경상대학RC행정팀(ERICA),운용전환(직접),운용,신품,경상대학RC행정팀(ERICA)로 운용전환(직접인계) 신청
2013-12-28,2013-12-28,2014-01-11,badbergjr,박대리,확정,4321190224407366,액정모니터,M201300608,2013-07-14,488000,소프트웨어융합대학RC행정팀(ERICA),운용전환(직접),운용,신품,소프트웨어융합대학RC행정팀(ERICA)로 운용전환(직접인계) 신청
2007-02-16,2007-02-16,2007-02-27,badbergjr,박대리,확정,5610170325114372,책상,M200600927,2006-10-18,5313000,공학대학RC행정팀(ERICA),운용전환(직접),운용,신품,공학대학RC행정팀(ERICA)로 운용전환(직접인계) 신청
2008-12-06,2008-12-06,2008-12-14,badbergjr,박대리,확정,5610170325114372,책상,M200801064,2008-03-27,5223000,소프트웨어융합대학RC행정팀(ERICA),운용전환(직접),운용,신품,소프트웨어융합대학RC행정팀(ERICA)로 운용전환(직접인계) 신청
2006-12-14,2006-12-14,2006-12-21,badbergjr,박대리,확정,5611210224128496,작업용의자,M200600963,2006-06-06,81000,글로벌문화통상대학RC행정팀(ERICA),운용전환(직접),운용,신품,글로벌문화통상대학RC행정팀(ERICA)로 운용전환(직접인계) 신청
2023-12-28,2023-12-28,2024-01-08,badbergjr,박대리,확정,5611210224128496,작업용의자,M202300488,2023-04-14,91000,글로벌문화통상대학RC행정팀(ERICA),운용전환(직접),운용,신품,글로벌문화통상대학RC행정팀(ERICA)로 운용전환(직접인계) 신청
2017-04-01,2017-04-01,2017-04-10,badbergjr,박대리,확정,5611210224128496,작업용의자,M201600927,2016-10-24,87000,소프트웨어융합대학RC행정팀(ERICA),운용전환(직접),운용,신품,소프트웨어융합대학RC행정팀(ERICA)로 운용전환(직접인계) 신청
2026-01-26,2026-01-26,2026-02-09,badbergjr,박대리,확정,5611210224128496,작업용의자,M202500722,2025-10-03,90000,학생지원팀(ERICA),운용전환(직접),운용,신품,학생지원팀(ERICA)로 운용전환(직접인계) 신청
2005-07-22,2005-07-22,2005-08-01,badbergjr,박대리,확정,5611210824917370,책상용콤비의자,M200501207,2005-02-11,401000,소프트웨어융합대학RC행정팀(ERICA),운용전환(직접),운용,신품,소프트웨어융합대학RC행정팀(ERICA)로 운용전환(직접인계) 신청
2008-07-14,2008-07-14,2008-07-26,badbergjr,박대리,확정,5611210824917370,책상용콤비의자,M200801090,2008-01-26,410000,공학대학RC행정팀(ERICA),운용전환(직접),운용,신품,공학대학RC행정팀(ERICA)로 운용전환(직접인계) 신청
2006-12-07,2006-12-07,2006-12-21,badbergjr,박대리,확정,5611210824917370,책상용콤비의자,M200600977,2006-04-26,387000,소프트웨어융합대학RC행정팀(ERICA),운용전환(직접),운용,신품,소프트웨어융합대학RC행정팀(ERICA)로 운용전환(직접인계) 신청
2009-12-10,2009-12-10,2009-12-20,badbergjr,박대리,확정,5611210824917370,책상용콤비의자,M200901309,2009-03-13,426000,학생지원팀(ERICA),운용전환(직접),운용,신품,학생지원팀(ERICA)로 운용전환(직접인계) 신청
2018-09-18,2018-09-18,2018-09-24,badbergjr,박대리,확정,5610150222528723,소파,M201800925,2018-05-25,782000,글로벌문화통상대학RC행정팀(ERICA),운용전환(직접),운용,신품,글로벌문화통상대학RC행정팀(ERICA)로 운용전환(직접인계) 신청
2019-02-03,2019-02-03,2019-02-13,badbergjr,박대리,확정,5610150222528723,소파,M201800925,2018-05-25,782000,학생지원팀(ERICA),운용전환(직접),운용,신품,학생지원팀(ERICA)로 운용전환(직접인계) 신청
2005-06-16,2005-06-16,2005-06-30,badbergjr,박대리,확정,5610150222528723,소파,M200501164,2005-01-12,702000,소프트웨어융합대학RC행정팀(ERICA),운용전환(직접),운용,신품,소프트웨어융합대학RC행정팀(ERICA)로 운용전환(직접인계) 신청
2006-03-03,2006-03-03,2006-03-17,badbergjr,박대리,확정,5610170622575869,회의용탁자,M200501171,2005-11-08,723000,소프트웨어융합대학RC행정팀(ERICA),운용전환(직접),운용,신품,소프트웨어융합대학RC행정팀(ERICA)로 운용전환(직접인계) 신청
2016-07-28,2016-07-28,2016-08-02,badbergjr,박대리,확정,5610170622575869,회의용탁자,M201500917,2015-10-30,759000,글로벌문화통상대학RC행정팀(ERICA),운용전환(직접),운용,신품,글로벌문화통상대학RC행정팀(ERICA)로 운용전환(직접인계) 신청
2006-07-21,2006-07-21,2006-07-24,badbergjr,박대리,확정,5610170622575869,회의용탁자,M200600960,2006-02-28,742000,경상대학RC행정팀(ERICA),운용전환(직접),운용,신품,경상대학RC행정팀(ERICA)로 운용전환(직접인계) 신청
2009-10-08,2009-10-08,2009-10-15,badbergjr,박대리,확정,4016160225676461,공기청정기,M200901247,2009-05-23,755000,소프트웨어융합대학RC행정팀(ERICA),운용전환(직접),운용,신품,소프트웨어융합대학RC행정팀(ERICA)로 운용전환(직접인계) 신청
2021-08-15,2021-08-15,2021-08-23,badbergjr,박대리,확정,4321150324343967,노트북컴퓨터,M202100063,2021-04-04,1011000,글로벌문화통상대학RC행정팀(ERICA),운용전환(직접),운용,신품,글로벌문화통상대학RC행정팀(ERICA)로 운용전환(직접인계) 신청
2014-08-11,2014-08-11,2014-08-16,badbergjr,박대리,확정,4321150724355228,데스크톱컴퓨터,M201300108,2013-12-15,2358000,학생지원팀(ERICA),운용전환(직접),운용,신품,학생지원팀(ERICA)로 운용전환(직접인계) 신청
2019-05-30,2019-05-30,2019-06-05,badbergjr,박대리,확정,4321190224407366,액정모니터,M201800257,2018-12-23,487000,경상대학RC행정팀(ERICA),운용전환(직접),운용,신품,경상대학RC행정팀(ERICA)로 운용전환(직접인계) 신청
2008-11-13,2008-11-13,2008-11-26,badbergjr,박대리,확정,4321190224407366,액정모니터,M200800204,2008-05-09,449000,글로벌문화통상대학RC행정팀(ERICA),운용전환(직접),운용,신품,글로벌문화통상대학RC행정팀(ERICA)로 운용전환(직접인계) 신청
2020-08-19,2020-08-19,2020-08-26,badbergjr,박대리,확정,4321190224407366,액정모니터,M202000079,2020-03-23,493000,글로벌문화통상대학RC행정팀(ERICA),운용전환(직접),운용,신품,글로벌문화통상대학RC행정팀(ERICA)로 운용전환(직접인계) 신청
2006-07-07,2006-07-07,2006-07-21,badbergjr,박대리,확정,4321210523858386,레이저프린터,M200600273,2006-03-10,3264000,학생지원팀(ERICA),운용전환(직접),운용,신품,학생지원팀(ERICA)로 운용전환(직접인계) 신청
2006-06-20,2006-06-20,2006-07-03,badbergjr,박대리,확정,5611210224128496,작업용의자,M200500319,2005-10-13,80000,글로벌문화통상대학RC행정팀(ERICA),운용전환(직접),운용,신품,글로벌문화통상대학RC행정팀(ERICA)로 운용전환(직접인계) 신청
2006-05-20,2006-05-20,2006-06-02,badbergjr,박대리,확정,5611210224128496,작업용의자,M200500326,2005-10-13,80000,공학대학RC행정팀(ERICA),운용전환(직접),운용,신품,공학대학RC행정팀(ERICA)로 운용전환(직접인계) 신청
2014-07-15,2014-07-15,2014-07-25,badbergjr,박대리,확정,5611210224128496,작업용의자,M201300140,2013-11-15,83000,공학대학RC행정팀(ERICA),운용전환(직접),운용,신품,공학대학RC행정팀(ERICA)로 운용전환(직접인계) 신청
2014-04-22,2014-04-22,2014-04-30,badbergjr,박대리,확정,5611210224128496,작업용의자,M201300144,2013-11-15,83000,소프트웨어융합대학RC행정팀(ERICA),운용전환(직접),운용,신품,소프트웨어융합대학RC행정팀(ERICA)로 운용전환(직접인계) 신청
2008-03-05,2008-03-05,2008-03-19,badbergjr,박대리,확정,5611210824917370,책상용콤비의자,M200700309,2007-09-28,402000,공학대학RC행정팀(ERICA),운용전환(직접),운용,신품,공학대학RC행정팀(ERICA)로 운용전환(직접인계) 신청
2020-05-31,2020-05-31,2020-06-07,badbergjr,박대리,확정,5611210824917370,책상용콤비의자,M201900209,2019-10-13,433000,글로벌문화통상대학RC행정팀(ERICA),운용전환(직접),운용,신품,글로벌문화통상대학RC행정팀(ERICA)로 운용전환(직접인계) 신청
2021-01-03,2021-01-03,2021-01-15,badbergjr,박대리,확정,5611210824917370,책상용콤비의자,M202000091,2020-04-23,451000,학생지원팀(ERICA),운용전환(직접),운용,신품,학생지원팀(ERICA)로 운용전환(직접인계) 신청
2024-01-24,2024-01-24,2024-02-03,badbergjr,박대리,확정,4411191125460962,인터랙티브화이트보드및액세서리,M202300128,2023-06-06,24076000,학생지원팀(ERICA),운용전환(직접),운용,신품,학생지원팀(ERICA)로 운용전환(직접인계) 신청
2025-10-25,2025-10-25,2025-11-02,badbergjr,박대리,확정,5610150222528723,소파,M202500215,2025-04-15,748000,학생지원팀(ERICA),운용전환(직접),운용,신품,학생지원팀(ERICA)로 운용전환(직접인계) 신청
2006-09-29,2006-09-29,2006-10-07,badbergjr,박대리,확정,5610170622575869,회의용탁자,M200600287,2006-04-11,704000,글로벌문화통상대학RC행정팀(ERICA),운용전환(직접),운용,신품,글로벌문화통상대학RC행정팀(ERICA)로 운용전환(직접인계) 신청
2018-10-21,2018-10-21,2018-10-27,badbergjr,박대리,확정,5610170622575869,회의용탁자,M201800290,2018-04-18,722000,학생지원팀(ERICA),운용전환(직접),운용,신품,학생지원팀(ERICA)로 운용전환(직접인계) 신청
2025-07-29,2025-07-29,2025-08-06,badbergjr,박대리,확정,5610170622575869,회의용탁자,M202500228,2025-04-10,829000,학생지원팀(ERICA),운용전환(직접),운용,신품,학생지원팀(ERICA)로 운용전환(직접인계) 신청
2017-05-16,2017-05-16,2017-05-19,badbergjr,박대리,확정,4512150425468676,디지털카메라,M201600194,2016-09-01,2852000,경상대학RC행정팀(ERICA),운용전환(직접),운용,신품,경상대학RC행정팀(ERICA)로 운용전환(직접인계) 신청
2017-02-04,2017-02-04,2017-02-07,badbergjr,박대리,확정,4016160225676461,공기청정기,M201600182,2016-08-09,793000,글로벌문화통상대학RC행정팀(ERICA),운용전환(직접),운용,신품,글로벌문화통상대학RC행정팀(ERICA)로 운용전환(직접인계) 신청
2019-04-17,2019-04-17,2019-04-28,badbergjr,박대리,확정,4321150324343967,노트북컴퓨터,M201800189,2018-12-13,1009000,글로벌문화통상대학RC행정팀(ERICA),운용전환(직접),운용,신품,글로벌문화통상대학RC행정팀(ERICA)로 운용전환(직접인계) 신청
2007-04-25,2007-04-25,2007-05-07,badbergjr,박대리,확정,4321150324510198,노트북컴퓨터,M200600169,2006-11-14,486000,공학대학RC행정팀(ERICA),운용전환(직접),운용,신품,공학대학RC행정팀(ERICA)로 운용전환(직접인계) 신청
2021-01-28,2021-01-28,2021-02-05,badbergjr,박대리,확정,4321150324510198,노트북컴퓨터,M202000031,2020-10-03,530000,소프트웨어융합대학RC행정팀(ERICA),운용전환(직접),운용,신품,소프트웨어융합대학RC행정팀(ERICA)로 운용전환(직접인계) 신청
2014-03-18,2014-03-18,2014-03-25,badbergjr,박대리,확정,4321150324510198,노트북컴퓨터,M201300068,2013-07-25,495000,시설팀(ERICA),운용전환(직접),운용,신품,시설팀(ERICA)로 운용전환(직접인계) 신청
2022-11-06,2022-11-06,2022-11-16,badbergjr,박대리,확정,4321150724158946,데스크톱컴퓨터,M202200086,2022-07-01,515000,공학대학RC행정팀(ERICA),운용전환(직접),운용,신품,공학대학RC행정팀(ERICA)로 운용전환(직접인계) 신청
2009-10-16,2009-10-16,2009-10-20,badbergjr,박대리,확정,4321150724158946,데스크톱컴퓨터,M200900187,2009-02-02,478000,글로벌문화통상대학RC행정팀(ERICA),운용전환(직접),운용,신품,글로벌문화통상대학RC행정팀(ERICA)로 운용전환(직접인계) 신청
2007-04-20,2007-04-20,2007-04-25,badbergjr,박대리,확정,4321190224407366,액정모니터,M200600189,2006-12-09,426000,시설팀(ERICA),운용전환(직접),운용,신품,시설팀(ERICA)로 운용전환(직접인계) 신청
2013-01-19,2013-01-19,2013-01-31,badbergjr,박대리,확정,4321190224407366,액정모니터,M201200109,2012-06-08,454000,글로벌문화통상대학RC행정팀(ERICA),운용전환(직접),운용,신품,글로벌문화통상대학RC행정팀(ERICA)로 운용전환(직접인계) 신청
2007-12-30,2007-12-30,2008-01-04,badbergjr,박대리,확정,5610170325114372,책상,M200700172,2007-07-01,5096000,소프트웨어융합대학RC행정팀(ERICA),운용전환(직접),운용,신품,소프트웨어융합대학RC행정팀(ERICA)로 운용전환(직접인계) 신청
2018-04-12,2018-04-12,2018-04-23,badbergjr,박대리,확정,5610170325114372,책상,M201700127,2017-10-13,5373000,글로벌문화통상대학RC행정팀(ERICA),운용전환(직접),운용,신품,글로벌문화통상대학RC행정팀(ERICA)로 운용전환(직접인계) 신청
2025-08-03,2025-08-03,2025-08-17,badbergjr,박대리,확정,5611210224128496,작업용의자,M202500180,2025-01-01,89000,공학대학RC행정팀(ERICA),운용전환(직접),운용,신품,공학대학RC행정팀(ERICA)로 운용전환(직접인계) 신청
2006-11-24,2006-11-24,2006-12-01,badbergjr,박대리,확정,5611210824917370,책상용콤비의자,M200600227,2006-06-09,402000,소프트웨어융합대학RC행정팀(ERICA),운용전환(직접),운용,신품,소프트웨어융합대학RC행정팀(ERICA)로 운용전환(직접인계) 신청
2019-11-28,2019-11-28,2019-12-08,badbergjr,박대리,확정,5611210824917370,책상용콤비의자,M201900164,2019-06-04,444000,소프트웨어융합대학RC행정팀(ERICA),운용전환(직접),운용,신품,소프트웨어융합대학RC행정팀(ERICA)로 운용전환(직접인계) 신청
2007-07-03,2007-07-03,2007-07-08,badbergjr,박대리,확정,5610150222528723,소파,M200700162,2007-02-06,704000,시설팀(ERICA),운용전환(직접),운용,신품,시설팀(ERICA)로 운용전환(직접인계) 신청
2018-03-18,2018-03-18,2018-04-01,badbergjr,박대리,확정,5610150222528723,소파,M201700113,2017-07-07,734000,경상대학RC행정팀(ERICA),운용전환(직접),운용,신품,경상대학RC행정팀(ERICA)로 운용전환(직접인계) 신청
2009-11-25,2009-11-25,2009-12-02,badbergjr,박대리,확정,5610170622575869,회의용탁자,M200900221,2009-03-06,725000,공학대학RC행정팀(ERICA),운용전환(직접),운용,신품,공학대학RC행정팀(ERICA)로 운용전환(직접인계) 신청
2009-12-27,2009-12-27,2010-01-09,badbergjr,박대리,확정,4512150425468676,디지털카메라,M200900212,2009-06-18,2791000,공학대학RC행정팀(ERICA),운용전환(직접),운용,신품,공학대학RC행정팀(ERICA)로 운용전환(직접인계) 신청
2023-10-22,2023-10-22,2023-11-01,badbergjr,박대리,확정,4321150324343967,노트북컴퓨터,M202300002,2023-04-03,1152000,시설팀(ERICA),운용전환(직접),운용,신품,시설팀(ERICA)로 운용전환(직접인계) 신청
2012-02-08,2012-02-08,2012-02-11,badbergjr,박대리,확정,4321150324510198,노트북컴퓨터,M201100003,2011-08-29,490000,경상대학RC행정팀(ERICA),운용전환(직접),운용,신품,경상대학RC행정팀(ERICA)로 운용전환(직접인계) 신청
2012-09-03,2012-09-03,2012-09-08,badbergjr,박대리,확정,4321150724355228,데스크톱컴퓨터,M201200007,2012-04-18,2513000,글로벌문화통상대학RC행정팀(ERICA),운용전환(직접),운용,신품,글로벌문화통상대학RC행정팀(ERICA)로 운용전환(직접인계) 신청
2014-01-04,2014-01-04,2014-01-14,badbergjr,박대리,확정,4321150724158946,데스크톱컴퓨터,M201300008,2013-04-18,498000,학생지원팀(ERICA),운용전환(직접),운용,신품,학생지원팀(ERICA)로 운용전환(직접인계) 신청
2009-06-30,2009-06-30,2009-07-09,badbergjr,박대리,확정,5610170325114372,책상,M200800023,2008-10-23,5196000,시설팀(ERICA),운용전환(직접),운용,신품,시설팀(ERICA)로 운용전환(직접인계) 신청
2009-04-19,2009-04-19,2009-04-23,badbergjr,박대리,확정,5610170325114372,책상,M200800029,2008-10-23,5196000,시설팀(ERICA),운용전환(직접),운용,신품,시설팀(ERICA)로 운용전환(직접인계) 신청
2015-12-27,2015-12-27,,badbergjr,박대리,반려,5610170325114372,책상,M201500038,2015-08-26,5538000,글로벌문화통상대학RC행정팀(ERICA),운용전환(직접),운용,신품,글로벌문화통상대학RC행정팀(ERICA)로 운용전환(직접인계) 신청
2005-06-30,2005-06-30,2005-07-12,badbergjr,박대리,확정,5610170325114372,책상,M200500075,2005-01-03,5055000,공학대학RC행정팀(ERICA),운용전환(직접),운용,신품,공학대학RC행정팀(ERICA)로 운용전환(직접인계) 신청
2015-10-27,2015-10-27,2015-11-04,badbergjr,박대리,확정,5610170325114372,책상,M201500043,2015-06-29,5568000,글로벌문화통상대학RC행정팀(ERICA),운용전환(직접),운용,신품,글로벌문화통상대학RC행정팀(ERICA)로 운용전환(직접인계) 신청
2017-07-14,2017-07-14,2017-07-26,badbergjr,박대리,확정,5610170325114372,책상,M201700040,2017-01-22,5636000,시설팀(ERICA),운용전환(직접),운용,신품,시설팀(ERICA)로 운용전환(직접인계) 신청
2009-01-10,2009-01-10,2009-01-21,badbergjr,박대리,확정,5611210224128496,작업용의자,M200800048,2008-07-14,78000,공학대학RC행정팀(ERICA),운용전환(직접),운용,신품,공학대학RC행정팀(ERICA)로 운용전환(직접인계) 신청
2009-04-21,2009-04-21,2009-05-04,badbergjr,박대리,확정,5611210224128496,작업용의자,M200800050,2008-07-14,78000,학생지원팀(ERICA),운용전환(직접),운용,신품,학생지원팀(ERICA)로 운용전환(직접인계) 신청
2019-01-11,2019-01-11,2019-01-16,badbergjr,박대리,확정,5611210224128496,작업용의자,M201800075,2018-05-23,88000,공학대학RC행정팀(ERICA),운용전환(직접),운용,신품,공학대학RC행정팀(ERICA)로 운용전환(직접인계) 신청
2019-01-21,2019-01-21,2019-01-27,badbergjr,박대리,확정,5611210224128496,작업용의자,M201800060,2018-09-10,82000,소프트웨어융합대학RC행정팀(ERICA),운용전환(직접),운용,신품,소프트웨어융합대학RC행정팀(ERICA)로 운용전환(직접인계) 신청
2015-07-13,2015-07-13,2015-07-25,badbergjr,박대리,확정,5611210224128496,작업용의자,M201500080,2015-01-02,82000,시설팀(ERICA),운용전환(직접),운용,신품,시설팀(ERICA)로 운용전환(직접인계) 신청
2015-05-31,2015-05-31,2015-06-12,badbergjr,박대리,확정,5611210224128496,작업용의자,M201500081,2015-01-02,82000,공학대학RC행정팀(ERICA),운용전환(직접),운용,신품,공학대학RC행정팀(ERICA)로 운용전환(직접인계) 신청
2009-07-20,2009-07-20,2009-07-31,badbergjr,박대리,확정,5611210824917370,책상용콤비의자,M200900088,2009-01-21,411000,소프트웨어융합대학RC행정팀(ERICA),운용전환(직접),운용,신품,소프트웨어융합대학RC행정팀(ERICA)로 운용전환(직접인계) 신청
2019-11-19,2019-11-19,2019-11-24,badbergjr,박대리,확정,5611210824917370,책상용콤비의자,M201900038,2019-05-16,414000,학생지원팀(ERICA),운용전환(직접),운용,신품,학생지원팀(ERICA)로 운용전환(직접인계) 신청
2020-01-01,2020-01-01,2020-01-09,badbergjr,박대리,확정,5611210824917370,책상용콤비의자,M201900046,2019-05-16,414000,소프트웨어융합대학RC행정팀(ERICA),운용전환(직접),운용,신품,소프트웨어융합대학RC행정팀(ERICA)로 운용전환(직접인계) 신청
2006-05-07,2006-05-07,2006-05-17,badbergjr,박대리,확정,4411191125460962,인터랙티브화이트보드및액세서리,M200500053,2005-11-24,22634000,경상대학RC행정팀(ERICA),운용전환(직접),운용,신품,경상대학RC행정팀(ERICA)로 운용전환(직접인계) 신청
2018-05-04,2018-05-04,2018-05-11,badbergjr,박대리,확정,5610170622575869,회의용탁자,M201700049,2017-08-05,769000,학생지원팀(ERICA),운용전환(직접),운용,신품,학생지원팀(ERICA)로 운용전환(직접인계) 신청
2025-06-29,2025-06-29,2025-07-10,badbergjr,박대리,확정,5610170622575869,회의용탁자,M202500062,2025-02-11,774000,시설팀(ERICA),운용전환(직접),운용,신품,시설팀(ERICA)로 운용전환(직접인계) 신청
2006-01-29,2006-01-29,2006-02-03,badbergjr,박대리,확정,5610170622575869,회의용탁자,M200500082,2005-09-02,689000,학생지원팀(ERICA),운용전환(직접),운용,신품,학생지원팀(ERICA)로 운용전환(직접인계) 신청
2006-06-02,2006-06-02,2006-06-15,badbergjr,박대리,확정,5610170622575869,회의용탁자,M200500086,2005-09-02,689000,공학대학RC행정팀(ERICA),운용전환(직접),운용,신품,공학대학RC행정팀(ERICA)로 운용전환(직접인계) 신청
2025-05-20,2025-05-20,2025-05-31,badbergjr,박대리,확정,5610170622575869,회의용탁자,M202500056,2025-01-19,746000,소프트웨어융합대학RC행정팀(ERICA),운용전환(직접),운용,신품,소프트웨어융합대학RC행정팀(ERICA)로 운용전환(직접인계) 신청
2014-12-01,2014-12-01,2014-12-10,badbergjr,박대리,확정,4321150324343967,노트북컴퓨터,M201400044,2014-08-12,1027000,글로벌문화통상대학RC행정팀(ERICA),운용전환(직접),운용,신품,글로벌문화통상대학RC행정팀(ERICA)로 운용전환(직접인계) 신청
2013-03-26,2013-03-26,2013-04-01,badbergjr,박대리,확정,4321150324510198,노트북컴퓨터,M201200038,2012-09-13,507000,시설팀(ERICA),운용전환(직접),운용,신품,시설팀(ERICA)로 운용전환(직접인계) 신청
2013-02-26,2013-02-26,2013-03-08,badbergjr,박대리,확정,4321150324510198,노트북컴퓨터,M201200050,2012-09-13,507000,학생지원팀(ERICA),운용전환(직접),운용,신품,학생지원팀(ERICA)로 운용전환(직접인계) 신청
2007-08-08,2007-08-08,2007-08-20,badbergjr,박대리,확정,4321150724355228,데스크톱컴퓨터,M200700087,2007-04-08,2306000,글로벌문화통상대학RC행정팀(ERICA),운용전환(직접),운용,신품,글로벌문화통상대학RC행정팀(ERICA)로 운용전환(직접인계) 신청
2012-07-19,2012-07-19,2012-07-30,badbergjr,박대리,확정,4321150724158946,데스크톱컴퓨터,M201200054,2012-04-02,531000,공학대학RC행정팀(ERICA),운용전환(직접),운용,신품,공학대학RC행정팀(ERICA)로 운용전환(직접인계) 신청
2008-04-10,2008-04-10,2008-04-23,badbergjr,박대리,확정,4321150724158946,데스크톱컴퓨터,M200700071,2007-11-09,456000,공학대학RC행정팀(ERICA),운용전환(직접),운용,신품,공학대학RC행정팀(ERICA)로 운용전환(직접인계) 신청
2013-08-10,2013-08-10,2013-08-15,badbergjr,박대리,확정,4321150724158946,데스크톱컴퓨터,M201300043,2013-03-15,466000,시설팀(ERICA),운용전환(직접),운용,신품,시설팀(ERICA)로 운용전환(직접인계) 신청
2013-10-23,2013-10-23,2013-11-05,badbergjr,박대리,확정,4321150724158946,데스크톱컴퓨터,M201300050,2013-03-15,466000,시설팀(ERICA),운용전환(직접),운용,신품,시설팀(ERICA)로 운용전환(직접인계) 신청
2019-06-17,2019-06-17,2019-06-26,badbergjr,박대리,확정,4321150724158946,데스크톱컴퓨터,M201800112,2018-10-29,500000,학생지원팀(ERICA),운용전환(직접),운용,신품,학생지원팀(ERICA)로 운용전환(직접인계) 신청
2024-09-01,2024-09-01,2024-09-04,badbergjr,박대리,확정,4321150724158946,데스크톱컴퓨터,M202300071,2023-12-01,491000,경상대학RC행정팀(ERICA),운용전환(직접),운용,신품,경상대학RC행정팀(ERICA)로 운용전환(직접인계) 신청
2018-05-31,2018-05-31,2018-06-12,badbergjr,박대리,확정,4321190224407366,액정모니터,M201700067,2017-11-30,478000,시설팀(ERICA),운용전환(직접),운용,신품,시설팀(ERICA)로 운용전환(직접인계) 신청
2018-12-13,2018-12-13,2018-12-24,badbergjr,박대리,확정,5610170325114372,책상,M201800140,2018-04-16,5651000,시설팀(ERICA),운용전환(직접),운용,신품,시설팀(ERICA)로 운용전환(직접인계) 신청
2007-05-30,2007-05-30,2007-06-10,badbergjr,박대리,확정,5610170325114372,책상,M200600132,2006-12-02,4995000,글로벌문화통상대학RC행정팀(ERICA),운용전환(직접),운용,신품,글로벌문화통상대학RC행정팀(ERICA)로 운용전환(직접인계) 신청
2018-03-07,2018-03-07,2018-03-11,badbergjr,박대리,확정,5610170325114372,책상,M201700084,2017-07-07,5339000,소프트웨어융합대학RC행정팀(ERICA),운용전환(직접),운용,신품,소프트웨어융합대학RC행정팀(ERICA)로 운용전환(직접인계) 신청
2020-03-11,2020-03-11,2020-03-25,badbergjr,박대리,확정,5611210224128496,작업용의자,M201900117,2019-09-06,82000,글로벌문화통상대학RC행정팀(ERICA),운용전환(직접),운용,신품,글로벌문화통상대학RC행정팀(ERICA)로 운용전환(직접인계) 신청
2017-01-24,2017-01-24,2017-01-27,badbergjr,박대리,확정,5611210824917370,책상용콤비의자,M201600105,2016-08-17,428000,공학대학RC행정팀(ERICA),운용전환(직접),운용,신품,공학대학RC행정팀(ERICA)로 운용전환(직접인계) 신청
2023-09-20,2023-09-20,2023-10-02,badbergjr,박대리,확정,4411191125460962,인터랙티브화이트보드및액세서리,M202300081,2023-05-16,23112000,공학대학RC행정팀(ERICA),운용전환(직접),운용,신품,공학대학RC행정팀(ERICA)로 운용전환(직접인계) 신청
2016-08-31,2016-08-31,2016-09-04,badbergjr,박대리,확정,4512150425468676,디지털카메라,M201600072,2016-01-08,2761000,소프트웨어융합대학RC행정팀(ERICA),운용전환(직접),운용,신품,소프트웨어융합대학RC행정팀(ERICA)로 운용전환(직접인계) 신청
2013-08-06,2013-08-06,2013-08-09,badbergjr,박대리,확정,4321150324343967,노트북컴퓨터,M201200199,2012-11-15,975000,시설팀(ERICA),운용전환(직접),운용,신품,시설팀(ERICA)로 운용전환(직접인계) 신청
2016-05-27,2016-05-27,2016-06-04,badbergjr,박대리,확정,4321150324510198,노트북컴퓨터,M201600492,2016-01-20,513000,학생지원팀(ERICA),운용전환(직접),운용,신품,학생지원팀(ERICA)로 운용전환(직접인계) 신청
2016-07-22,2016-07-22,2016-08-02,badbergjr,박대리,확정,4321150324510198,노트북컴퓨터,M201600500,2016-01-20,513000,시설팀(ERICA),운용전환(직접),운용,신품,시설팀(ERICA)로 운용전환(직접인계) 신청
2020-07-12,2020-07-12,2020-07-20,badbergjr,박대리,확정,4321150724355228,데스크톱컴퓨터,M202000248,2020-02-24,2675000,글로벌문화통상대학RC행정팀(ERICA),운용전환(직접),운용,신품,글로벌문화통상대학RC행정팀(ERICA)로 운용전환(직접인계) 신청
2012-12-15,2012-12-15,2012-12-19,badbergjr,박대리,확정,4321150724355228,데스크톱컴퓨터,M201200225,2012-04-30,2498000,학생지원팀(ERICA),운용전환(직접),운용,신품,학생지원팀(ERICA)로 운용전환(직접인계) 신청
2020-09-03,2020-09-03,,badbergjr,박대리,반려,4321150724355228,데스크톱컴퓨터,M202000245,2020-01-10,2568000,학생지원팀(ERICA),운용전환(직접),운용,신품,학생지원팀(ERICA)로 운용전환(직접인계) 신청
2025-12-27,2025-12-27,2026-01-05,badbergjr,박대리,확정,4321150724158946,데스크톱컴퓨터,M202500419,2025-04-09,534000,학생지원팀(ERICA),운용전환(직접),운용,신품,학생지원팀(ERICA)로 운용전환(직접인계) 신청
2026-01-18,2026-01-18,2026-02-01,badbergjr,박대리,확정,4321150724158946,데스크톱컴퓨터,M202500426,2025-04-09,534000,공학대학RC행정팀(ERICA),운용전환(직접),운용,신품,공학대학RC행정팀(ERICA)로 운용전환(직접인계) 신청
2007-07-12,2007-07-12,2007-07-18,badbergjr,박대리,확정,4321150724158946,데스크톱컴퓨터,M200600471,2006-12-08,471000,시설팀(ERICA),운용전환(직접),운용,신품,시설팀(ERICA)로 운용전환(직접인계) 신청
2013-05-20,2013-05-20,2013-05-25,badbergjr,박대리,확정,4321150724158946,데스크톱컴퓨터,M201200213,2012-08-17,507000,학생지원팀(ERICA),운용전환(직접),운용,신품,학생지원팀(ERICA)로 운용전환(직접인계) 신청
2014-12-14,2014-12-14,2014-12-23,badbergjr,박대리,확정,4321190224407366,액정모니터,M201400352,2014-04-09,441000,글로벌문화통상대학RC행정팀(ERICA),운용전환(직접),운용,신품,글로벌문화통상대학RC행정팀(ERICA)로 운용전환(직접인계) 신청
2009-03-03,2009-03-03,2009-03-15,badbergjr,박대리,확정,4321190224407366,액정모니터,M200800564,2008-06-02,466000,학생지원팀(ERICA),운용전환(직접),운용,신품,학생지원팀(ERICA)로 운용전환(직접인계) 신청
2015-07-17,2015-07-17,2015-07-26,badbergjr,박대리,확정,5611210224128496,작업용의자,M201500438,2015-01-30,83000,시설팀(ERICA),운용전환(직접),운용,신품,시설팀(ERICA)로 운용전환(직접인계) 신청
2016-12-14,2016-12-14,2016-12-25,badbergjr,박대리,확정,5611210824917370,책상용콤비의자,M201600560,2016-05-13,439000,소프트웨어융합대학RC행정팀(ERICA),운용전환(직접),운용,신품,소프트웨어융합대학RC행정팀(ERICA)로 운용전환(직접인계) 신청
2019-05-13,2019-05-13,2019-05-23,badbergjr,박대리,확정,5611210824917370,책상용콤비의자,M201800511,2018-10-16,441000,공학대학RC행정팀(ERICA),운용전환(직접),운용,신품,공학대학RC행정팀(ERICA)로 운용전환(직접인계) 신청
2005-10-06,2005-10-06,2005-10-10,badbergjr,박대리,확정,5611210824917370,책상용콤비의자,M200500627,2005-02-26,398000,경상대학RC행정팀(ERICA),운용전환(직접),운용,신품,경상대학RC행정팀(ERICA)로 운용전환(직접인계) 신청
2010-04-08,2010-04-08,2010-04-21,badbergjr,박대리,확정,5610170622575869,회의용탁자,M200900618,2009-07-01,721000,시설팀(ERICA),운용전환(직접),운용,신품,시설팀(ERICA)로 운용전환(직접인계) 신청
2021-03-01,2021-03-01,2021-03-05,badbergjr,박대리,확정,5610170622575869,회의용탁자,M202000279,2020-08-26,757000,학생지원팀(ERICA),운용전환(직접),운용,신품,학생지원팀(ERICA)로 운용전환(직접인계) 신청
2010-03-19,2010-03-19,2010-03-23,badbergjr,박대리,확정,4512150425468676,디지털카메라,M200900587,2009-10-25,2774000,경상대학RC행정팀(ERICA),운용전환(직접),운용,신품,경상대학RC행정팀(ERICA)로 운용전환(직접인계) 신청
2009-10-27,2009-10-27,2009-11-01,badbergjr,박대리,확정,4016160225676461,공기청정기,M200900563,2009-05-18,782000,글로벌문화통상대학RC행정팀(ERICA),운용전환(직접),운용,신품,글로벌문화통상대학RC행정팀(ERICA)로 운용전환(직접인계) 신청
2006-09-19,2006-09-19,2006-09-28,badbergjr,박대리,확정,4321150324343967,노트북컴퓨터,M200600524,2006-04-28,992000,글로벌문화통상대학RC행정팀(ERICA),운용전환(직접),운용,신품,글로벌문화통상대학RC행정팀(ERICA)로 운용전환(직접인계) 신청
2007-01-23,2007-01-23,2007-02-01,badbergjr,박대리,확정,4321150324343967,노트북컴퓨터,M200600526,2006-04-28,992000,학생지원팀(ERICA),운용전환(직접),운용,신품,학생지원팀(ERICA)로 운용전환(직접인계) 신청
2009-12-09,2009-12-09,2009-12-16,badbergjr,박대리,확정,4321150324343967,노트북컴퓨터,M200900649,2009-07-08,943000,시설팀(ERICA),운용전환(직접),운용,신품,시설팀(ERICA)로 운용전환(직접인계) 신청
2017-08-08,2017-08-08,2017-08-12,badbergjr,박대리,확정,4321150324343967,노트북컴퓨터,M201600584,2016-11-21,1012000,시설팀(ERICA),운용전환(직접),운용,신품,시설팀(ERICA)로 운용전환(직접인계) 신청
2010-08-10,2010-08-10,,badbergjr,박대리,반려,4321150324510198,노트북컴퓨터,M200900674,2009-11-20,502000,공학대학RC행정팀(ERICA),운용전환(직접),운용,신품,공학대학RC행정팀(ERICA)로 운용전환(직접인계) 신청
2008-11-05,2008-11-05,2008-11-13,badbergjr,박대리,확정,4321150324510198,노트북컴퓨터,M200800631,2008-07-09,485000,공학대학RC행정팀(ERICA),운용전환(직접),운용,신품,공학대학RC행정팀(ERICA)로 운용전환(직접인계) 신청
2009-11-15,2009-11-15,2009-11-24,badbergjr,박대리,확정,4321150324510198,노트북컴퓨터,M200900671,2009-10-11,484000,시설팀(ERICA),운용전환(재사용),운용,중고품,시설팀(ERICA)에서 운용전환(재사용) 신청(재사용 1회차)
2021-07-28,2021-07-28,2021-08-08,badbergjr,박대리,확정,4321150724355228,데스크톱컴퓨터,M202000309,2020-11-10,2531000,공학대학RC행정팀(ERICA),운용전환(직접),운용,신품,공학대학RC행정팀(ERICA)로 운용전환(직접인계) 신청
2012-03-06,2012-03-06,2012-03-10,badbergjr,박대리,확정,4321150724355228,데스크톱컴퓨터,M201100082,2011-10-14,2283000,공학대학RC행정팀(ERICA),운용전환(직접),운용,신품,공학대학RC행정팀(ERICA)로 운용전환(직접인계) 신청
2017-07-05,2017-07-05,2017-07-09,badbergjr,박대리,확정,4321150724355228,데스크톱컴퓨터,M201600626,2016-11-13,2436000,소프트웨어융합대학RC행정팀(ERICA),운용전환(직접),운용,신품,소프트웨어융합대학RC행정팀(ERICA)로 운용전환(직접인계) 신청
2017-12-11,2017-12-11,2017-12-20,badbergjr,박대리,확정,4321150724355228,데스크톱컴퓨터,M201700380,2017-06-04,2473000,경상대학RC행정팀(ERICA),운용전환(직접),운용,신품,경상대학RC행정팀(ERICA)로 운용전환(직접인계) 신청
2006-05-05,2006-05-05,2006-05-16,badbergjr,박대리,확정,4321150724158946,데스크톱컴퓨터,M200500667,2005-12-20,467000,학생지원팀(ERICA),운용전환(직접),운용,신품,학생지원팀(ERICA)로 운용전환(직접인계) 신청
2008-04-13,2008-04-13,2008-04-18,badbergjr,박대리,확정,4321190224407366,액정모니터,M200700566,2007-07-18,464000,글로벌문화통상대학RC행정팀(ERICA),운용전환(직접),운용,신품,글로벌문화통상대학RC행정팀(ERICA)로 운용전환(직접인계) 신청
2008-04-17,2008-04-17,2008-04-27,badbergjr,박대리,확정,4321190224407366,액정모니터,M200700574,2007-07-18,464000,경상대학RC행정팀(ERICA),운용전환(직접),운용,신품,경상대학RC행정팀(ERICA)로 운용전환(직접인계) 신청
2017-09-14,2017-09-14,2017-09-17,badbergjr,박대리,확정,4321190224407366,액정모니터,M201700383,2017-02-27,449000,공학대학RC행정팀(ERICA),운용전환(직접),운용,신품,공학대학RC행정팀(ERICA)로 운용전환(직접인계) 신청
2017-10-25,2017-10-25,2017-10-29,badbergjr,박대리,확정,4321190224407366,액정모니터,M201700391,2017-02-27,449000,경상대학RC행정팀(ERICA),운용전환(직접),운용,신품,경상대학RC행정팀(ERICA)로 운용전환(직접인계) 신청
2014-01-22,2014-01-22,2014-01-29,badbergjr,박대리,확정,4321171124204348,스캐너,M201300304,2013-05-03,5013000,글로벌문화통상대학RC행정팀(ERICA),운용전환(직접),운용,신품,글로벌문화통상대학RC행정팀(ERICA)로 운용전환(직접인계) 신청
2009-03-17,2009-03-17,2009-03-21,badbergjr,박대리,확정,5610170325114372,책상,M200800704,2008-11-25,5192000,공학대학RC행정팀(ERICA),운용전환(직접),운용,신품,공학대학RC행정팀(ERICA)로 운용전환(직접인계) 신청
2005-08-21,2005-08-21,2005-08-30,badbergjr,박대리,확정,5611210224128496,작업용의자,M200500766,2005-03-26,85000,글로벌문화통상대학RC행정팀(ERICA),운용전환(직접),운용,신품,글로벌문화통상대학RC행정팀(ERICA)로 운용전환(직접인계) 신청
2007-06-14,2007-06-14,2007-06-17,badbergjr,박대리,확정,5611210824917370,책상용콤비의자,M200600585,2006-11-16,414000,공학대학RC행정팀(ERICA),운용전환(직접),운용,신품,공학대학RC행정팀(ERICA)로 운용전환(직접인계) 신청
2010-02-25,2010-02-25,2010-03-03,badbergjr,박대리,확정,5611210824917370,책상용콤비의자,M200900848,2009-05-23,392000,시설팀(ERICA),운용전환(직접),운용,신품,시설팀(ERICA)로 운용전환(직접인계) 신청
2006-04-08,2006-04-08,2006-04-17,badbergjr,박대리,확정,4411191125460962,인터랙티브화이트보드및액세서리,M200500708,2005-11-06,22237000,공학대학RC행정팀(ERICA),운용전환(직접),운용,신품,공학대학RC행정팀(ERICA)로 운용전환(직접인계) 신청
2015-11-22,2015-11-22,2015-12-01,badbergjr,박대리,확정,5610150222528723,소파,M201500552,2015-03-07,738000,소프트웨어융합대학RC행정팀(ERICA),운용전환(직접),운용,신품,소프트웨어융합대학RC행정팀(ERICA)로 운용전환(직접인계) 신청
2009-11-23,2009-11-23,2009-12-03,badbergjr,박대리,확정,5610150222528723,소파,M200900731,2009-02-28,705000,소프트웨어융합대학RC행정팀(ERICA),운용전환(직접),운용,신품,소프트웨어융합대학RC행정팀(ERICA)로 운용전환(직접인계) 신청
2020-10-18,2020-10-18,2020-10-31,badbergjr,박대리,확정,5610170622575869,회의용탁자,M202000373,2020-01-28,735000,공학대학RC행정팀(ERICA),운용전환(직접),운용,신품,공학대학RC행정팀(ERICA)로 운용전환(직접인계) 신청
2009-01-22,2009-01-22,2009-01-26,badbergjr,박대리,확정,5610170622575869,회의용탁자,M200800719,2008-05-27,763000,소프트웨어융합대학RC행정팀(ERICA),운용전환(직접),운용,신품,소프트웨어융합대학RC행정팀(ERICA)로 운용전환(직접인계) 신청
2006-08-02,2006-08-02,2006-08-09,badbergjr,박대리,확정,5610170622575869,회의용탁자,M200500715,2005-11-12,702000,학생지원팀(ERICA),운용전환(직접),운용,신품,학생지원팀(ERICA)로 운용전환(직접인계) 신청
2016-08-31,2016-08-31,2016-09-07,badbergjr,박대리,확정,5610170622575869,회의용탁자,M201600649,2016-02-24,779000,글로벌문화통상대학RC행정팀(ERICA),운용전환(직접),운용,신품,글로벌문화통상대학RC행정팀(ERICA)로 운용전환(직접인계) 신청
2016-11-10,2016-11-10,2016-11-19,badbergjr,박대리,확정,5610170622575869,회의용탁자,M201600653,2016-02-24,779000,학생지원팀(ERICA),운용전환(직접),운용,신품,학생지원팀(ERICA)로 운용전환(직접인계) 신청
2010-06-12,2010-06-12,2010-06-15,badbergjr,박대리,확정,5610170622575869,회의용탁자,M200900774,2009-12-08,713000,공학대학RC행정팀(ERICA),운용전환(직접),운용,신품,공학대학RC행정팀(ERICA)로 운용전환(직접인계) 신청
2020-03-13,2020-03-13,2020-03-22,badbergjr,박대리,확정,5610170622575869,회의용탁자,M201900461,2019-08-10,765000,공학대학RC행정팀(ERICA),운용전환(직접),운용,신품,공학대학RC행정팀(ERICA)로 운용전환(직접인계) 신청
2012-11-21,2012-11-21,2012-11-25,badbergjr,박대리,확정,4321150324343967,노트북컴퓨터,M201200144,2012-06-16,1066000,시설팀(ERICA),운용전환(직접),운용,신품,시설팀(ERICA)로 운용전환(직접인계) 신청
2023-09-03,2023-09-03,2023-09-06,badbergjr,박대리,확정,4321150324343967,노트북컴퓨터,M202200159,2022-12-28,1105000,글로벌문화통상대학RC행정팀(ERICA),운용전환(직접),운용,신품,글로벌문화통상대학RC행정팀(ERICA)로 운용전환(직접인계) 신청
2006-10-20,2006-10-20,2006-10-23,badbergjr,박대리,확정,4321150324343967,노트북컴퓨터,M200600302,2006-03-06,982000,공학대학RC행정팀(ERICA),운용전환(직접),운용,신품,공학대학RC행정팀(ERICA)로 운용전환(직접인계) 신청
2007-06-24,2007-06-24,2007-06-27,badbergjr,박대리,확정,4321150324343967,노트북컴퓨터,M200600306,2006-11-06,1040000,경상대학RC행정팀(ERICA),운용전환(직접),운용,신품,경상대학RC행정팀(ERICA)로 운용전환(직접인계) 신청
2012-06-10,2012-06-10,2012-06-19,badbergjr,박대리,확정,4321150324510198,노트북컴퓨터,M201100023,2011-12-14,517000,소프트웨어융합대학RC행정팀(ERICA),운용전환(직접),운용,신품,소프트웨어융합대학RC행정팀(ERICA)로 운용전환(직접인계) 신청
2010-05-11,2010-05-11,2010-05-18,badbergjr,박대리,확정,4321150324510198,노트북컴퓨터,M200900343,2009-09-09,470000,경상대학RC행정팀(ERICA),운용전환(직접),운용,신품,경상대학RC행정팀(ERICA)로 운용전환(직접인계) 신청
2022-07-10,2022-07-10,2022-07-19,badbergjr,박대리,확정,4321150324510198,노트북컴퓨터,M202100099,2021-12-13,533000,공학대학RC행정팀(ERICA),운용전환(직접),운용,신품,공학대학RC행정팀(ERICA)로 운용전환(직접인계) 신청
2009-08-02,2009-08-02,2009-08-09,badbergjr,박대리,확정,4321150324510198,노트북컴퓨터,M200800283,2008-10-20,470000,공학대학RC행정팀(ERICA),운용전환(직접),운용,신품,공학대학RC행정팀(ERICA)로 운용전환(직접인계) 신청
2015-03-01,2015-03-01,2015-03-06,badbergjr,박대리,확정,4321150324510198,노트북컴퓨터,M201400202,2014-07-13,472000,소프트웨어융합대학RC행정팀(ERICA),운용전환(직접),운용,신품,소프트웨어융합대학RC행정팀(ERICA)로 운용전환(직접인계) 신청
2021-03-21,2021-03-21,2021-04-02,badbergjr,박대리,확정,4321150324510198,노트북컴퓨터,M202000105,2020-10-11,514000,경상대학RC행정팀(ERICA),운용전환(직접),운용,신품,경상대학RC행정팀(ERICA)로 운용전환(직접인계) 신청
2007-01-06,2007-01-06,2007-01-14,badbergjr,박대리,확정,4321150724355228,데스크톱컴퓨터,M200600321,2006-04-05,2312000,공학대학RC행정팀(ERICA),운용전환(직접),운용,신품,공학대학RC행정팀(ERICA)로 운용전환(직접인계) 신청
2012-10-13,2012-10-13,2012-10-25,badbergjr,박대리,확정,4321150724355228,데스크톱컴퓨터,M201200168,2012-02-01,2240000,경상대학RC행정팀(ERICA),운용전환(직접),운용,신품,경상대학RC행정팀(ERICA)로 운용전환(직접인계) 신청
2015-07-20,2015-07-20,2015-07-29,badbergjr,박대리,확정,4321150724355228,데스크톱컴퓨터,M201500283,2015-01-19,2422000,경상대학RC행정팀(ERICA),운용전환(직접),운용,신품,경상대학RC행정팀(ERICA)로 운용전환(직접인계) 신청
2010-03-13,2010-03-13,2010-03-25,badbergjr,박대리,확정,4321150724158946,데스크톱컴퓨터,M200900366,2009-06-28,522000,소프트웨어융합대학RC행정팀(ERICA),운용전환(직접),운용,신품,소프트웨어융합대학RC행정팀(ERICA)로 운용전환(직접인계) 신청
2019-08-29,2019-08-29,2019-09-11,badbergjr,박대리,확정,4321150724158946,데스크톱컴퓨터,M201900236,2019-04-27,518000,시설팀(ERICA),운용전환(직접),운용,신품,시설팀(ERICA)로 운용전환(직접인계) 신청
2015-11-21,2015-11-21,2015-12-01,badbergjr,박대리,확정,4321150724158946,데스크톱컴퓨터,M201500266,2015-08-08,533000,글로벌문화통상대학RC행정팀(ERICA),운용전환(직접),운용,신품,글로벌문화통상대학RC행정팀(ERICA)로 운용전환(직접인계) 신청
2014-02-13,2014-02-13,2014-02-20,badbergjr,박대리,확정,4321190224407366,액정모니터,M201300203,2013-09-20,461000,학생지원팀(ERICA),운용전환(직접),운용,신품,학생지원팀(ERICA)로 운용전환(직접인계) 신청
2014-09-11,2014-09-11,2014-09-20,badbergjr,박대리,확정,4321190224407366,액정모니터,M201300203,2013-09-20,461000,경상대학RC행정팀(ERICA),운용전환(직접),운용,신품,경상대학RC행정팀(ERICA)로 운용전환(직접인계) 신청
2008-12-24,2008-12-24,2008-12-30,badbergjr,박대리,확정,5610170325114372,책상,M200800377,2008-03-25,5458000,경상대학RC행정팀(ERICA),운용전환(직접),운용,신품,경상대학RC행정팀(ERICA)로 운용전환(직접인계) 신청
2016-01-01,2016-01-01,2016-01-14,badbergjr,박대리,확정,5610170325114372,책상,M201500325,2015-08-06,5134000,글로벌문화통상대학RC행정팀(ERICA),운용전환(직접),운용,신품,글로벌문화통상대학RC행정팀(ERICA)로 운용전환(직접인계) 신청
2017-03-08,2017-03-08,2017-03-14,badbergjr,박대리,확정,5610170325114372,책상,M201600304,2016-11-14,5382000,학생지원팀(ERICA),운용전환(직접),운용,신품,학생지원팀(ERICA)로 운용전환(직접인계) 신청
2008-05-07,2008-05-07,2008-05-13,badbergjr,박대리,확정,5611210224128496,작업용의자,M200700403,2007-12-03,83000,경상대학RC행정팀(ERICA),운용전환(직접),운용,신품,경상대학RC행정팀(ERICA)로 운용전환(직접인계) 신청
2020-07-03,2020-07-03,2020-07-14,badbergjr,박대리,확정,5611210824917370,책상용콤비의자,M202000132,2020-01-03,416000,시설팀(ERICA),운용전환(직접),운용,신품,시설팀(ERICA)로 운용전환(직접인계) 신청
2020-08-17,2020-08-17,2020-08-22,badbergjr,박대리,확정,5611210824917370,책상용콤비의자,M202000141,2020-01-03,416000,소프트웨어융합대학RC행정팀(ERICA),운용전환(직접),운용,신품,소프트웨어융합대학RC행정팀(ERICA)로 운용전환(직접인계) 신청
2007-07-02,2007-07-02,2007-07-06,badbergjr,박대리,확정,5612179825616834,칠판보조장,M200600393,2006-11-17,9344000,학생지원팀(ERICA),운용전환(직접),운용,신품,학생지원팀(ERICA)로 운용전환(직접인계) 신청
2017-07-07,2017-07-07,2017-07-17,badbergjr,박대리,확정,4411191125460962,인터랙티브화이트보드및액세서리,M201700259,2017-02-12,22293000,공학대학RC행정팀(ERICA),운용전환(직접),운용,신품,공학대학RC행정팀(ERICA)로 운용전환(직접인계) 신청
2017-05-21,2017-05-21,2017-05-28,badbergjr,박대리,확정,4411191125460962,인터랙티브화이트보드및액세서리,M201600286,2016-10-22,24110000,경상대학RC행정팀(ERICA),운용전환(직접),운용,신품,경상대학RC행정팀(ERICA)로 운용전환(직접인계) 신청
2017-02-17,2017-02-17,2017-02-20,badbergjr,박대리,확정,5610170622575869,회의용탁자,M201600344,2016-06-07,767000,경상대학RC행정팀(ERICA),운용전환(직접),운용,신품,경상대학RC행정팀(ERICA)로 운용전환(직접인계) 신청
2009-11-17,2009-11-17,2009-11-26,badbergjr,박대리,확정,5610170622575869,회의용탁자,M200900392,2009-04-28,740000,학생지원팀(ERICA),운용전환(직접),운용,신품,학생지원팀(ERICA)로 운용전환(직접인계) 신청
2024-09-15,2024-09-15,2024-09-28,badbergjr,박대리,확정,4512150425468676,디지털카메라,M202400243,2024-05-14,3042000,경상대학RC행정팀(ERICA),운용전환(직접),운용,신품,경상대학RC행정팀(ERICA)로 운용전환(직접인계) 신청
2024-09-15,2024-09-15,2024-09-20,badbergjr,박대리,확정,4512150425468676,디지털카메라,M202400244,2024-05-14,3042000,시설팀(ERICA),운용전환(직접),운용,신품,시설팀(ERICA)로 운용전환(직접인계) 신청
2021-07-16,2021-07-16,,badbergjr,박대리,반려,5612200222443915,실험실용보관장또는보조용품,M202000167,2020-10-25,245000,공학대학RC행정팀(ERICA),운용전환(직접),운용,신품,공학대학RC행정팀(ERICA)로 운용전환(직접인계) 신청
2020-04-22,2020-04-22,2020-04-30,badbergjr,박대리,확정,5612200222443915,실험실용보관장또는보조용품,M201900316,2019-12-28,247000,글로벌문화통상대학RC행정팀(ERICA),운용전환(직접),운용,신품,글로벌문화통상대학RC행정팀(ERICA)로 운용전환(직접인계) 신청
2008-03-09,2008-03-09,2008-03-12,badbergjr,박대리,확정,5612200222443915,실험실용보관장또는보조용품,M200700429,2007-06-28,221000,글로벌문화통상대학RC행정팀(ERICA),운용전환(직접),운용,신품,글로벌문화통상대학RC행정팀(ERICA)로 운용전환(직접인계) 신청
2023-08-22,2023-08-22,2023-08-26,badbergjr,박대리,확정,4321150324343967,노트북컴퓨터,M202300179,2023-03-30,1113000,경상대학RC행정팀(ERICA),운용전환(직접),운용,신품,경상대학RC행정팀(ERICA)로 운용전환(직접인계) 신청
2008-09-18,2008-09-18,2008-09-30,badbergjr,박대리,확정,4321150324343967,노트북컴퓨터,M200800460,2008-05-11,982000,경상대학RC행정팀(ERICA),운용전환(직접),운용,신품,경상대학RC행정팀(ERICA)로 운용전환(직접인계) 신청
2008-03-08,2008-03-08,2008-03-12,badbergjr,박대리,확정,4321150324510198,노트북컴퓨터,M200800461,2008-01-25,508000,학생지원팀(ERICA),운용전환(재사용),운용,중고품,학생지원팀(ERICA)에서 운용전환(재사용) 신청(재사용 1회차)
2012-07-20,2012-07-20,2012-08-02,badbergjr,박대리,확정,4321150324510198,노트북컴퓨터,M201100046,2011-12-15,480000,학생지원팀(ERICA),운용전환(직접),운용,신품,학생지원팀(ERICA)로 운용전환(직접인계) 신청
2019-11-29,2019-11-29,2019-12-07,badbergjr,박대리,확정,4321150324510198,노트북컴퓨터,M201900329,2019-06-13,504000,소프트웨어융합대학RC행정팀(ERICA),운용전환(직접),운용,신품,소프트웨어융합대학RC행정팀(ERICA)로 운용전환(직접인계) 신청
2007-05-12,2007-05-12,2007-05-15,badbergjr,박대리,확정,4321150724158946,데스크톱컴퓨터,M200600404,2006-11-16,467000,글로벌문화통상대학RC행정팀(ERICA),운용전환(직접),운용,신품,글로벌문화통상대학RC행정팀(ERICA)로 운용전환(직접인계) 신청
2024-12-19,2024-12-19,2024-12-27,badbergjr,박대리,확정,4321150724158946,데스크톱컴퓨터,M202400279,2024-06-20,541000,학생지원팀(ERICA),운용전환(직접),운용,신품,학생지원팀(ERICA)로 운용전환(직접인계) 신청
2015-04-27,2015-04-27,2015-05-09,badbergjr,박대리,확정,4321150724158946,데스크톱컴퓨터,M201400272,2014-10-23,510000,소프트웨어융합대학RC행정팀(ERICA),운용전환(직접),운용,신품,소프트웨어융합대학RC행정팀(ERICA)로 운용전환(직접인계) 신청
2015-05-03,2015-05-03,2015-05-14,badbergjr,박대리,확정,4321150724158946,데스크톱컴퓨터,M201400273,2014-10-23,510000,학생지원팀(ERICA),운용전환(직접),운용,신품,학생지원팀(ERICA)로 운용전환(직접인계) 신청
2012-07-18,2012-07-18,2012-07-21,badbergjr,박대리,확정,4321190224407366,액정모니터,M201200179,2012-03-14,491000,소프트웨어융합대학RC행정팀(ERICA),운용전환(직접),운용,신품,소프트웨어융합대학RC행정팀(ERICA)로 운용전환(직접인계) 신청
2010-05-29,2010-05-29,,badbergjr,박대리,반려,4321190224407366,액정모니터,M200900498,2009-10-22,435000,학생지원팀(ERICA),운용전환(직접),운용,신품,학생지원팀(ERICA)로 운용전환(직접인계) 신청
2023-08-19,2023-08-19,2023-08-24,badbergjr,박대리,확정,4321190224407366,액정모니터,M202300191,2023-02-26,461000,글로벌문화통상대학RC행정팀(ERICA),운용전환(직접),운용,신품,글로벌문화통상대학RC행정팀(ERICA)로 운용전환(직접인계) 신청
2021-08-15,2021-08-15,2021-08-19,badbergjr,박대리,확정,4321171124204348,스캐너,M202000191,2020-11-20,5563000,공학대학RC행정팀(ERICA),운용전환(직접),운용,신품,공학대학RC행정팀(ERICA)로 운용전환(직접인계) 신청
2019-02-17,2019-02-17,2019-02-25,badbergjr,박대리,확정,4322260923908131,네트워크라우터,M201800447,2018-07-07,544000,경상대학RC행정팀(ERICA),운용전환(직접),운용,신품,경상대학RC행정팀(ERICA)로 운용전환(직접인계) 신청
2015-12-24,2015-12-24,2015-12-27,badbergjr,박대리,확정,5216150523860502,텔레비전,M201500381,2015-11-19,1295000,시설팀(ERICA),운용전환(재사용),운용,중고품,시설팀(ERICA)에서 운용전환(재사용) 신청(재사용 1회차)
2007-12-17,2007-12-17,2007-12-28,badbergjr,박대리,확정,5610170325114372,책상,M200700445,2007-03-28,5631000,글로벌문화통상대학RC행정팀(ERICA),운용전환(직접),운용,신품,글로벌문화통상대학RC행정팀(ERICA)로 운용전환(직접인계) 신청
2010-02-06,2010-02-06,2010-02-10,badbergjr,박대리,확정,5611210224128496,작업용의자,M200900555,2009-06-24,82000,공학대학RC행정팀(ERICA),운용전환(직접),운용,신품,공학대학RC행정팀(ERICA)로 운용전환(직접인계) 신청
2007-05-24,2007-05-24,2007-06-03,badbergjr,박대리,확정,5611210824917370,책상용콤비의자,M200600444,2006-10-20,409000,경상대학RC행정팀(ERICA),운용전환(직접),운용,신품,경상대학RC행정팀(ERICA)로 운용전환(직접인계) 신청
2008-10-13,2008-10-13,,badbergjr,박대리,반려,5611210824917370,책상용콤비의자,M200800501,2008-08-22,392000,공학대학RC행정팀(ERICA),운용전환(재사용),반납,중고품,공학대학RC행정팀(ERICA)에서 운용전환(재사용) 신청(재사용 1회차)
2020-09-15,2020-09-15,2020-09-21,badbergjr,박대리,확정,5611210824917370,책상용콤비의자,M202000202,2020-01-06,411000,경상대학RC행정팀(ERICA),운용전환(직접),운용,신품,경상대학RC행정팀(ERICA)로 운용전환(직접인계) 신청
2018-06-17,2018-06-17,2018-06-30,badbergjr,박대리,확정,5611210824917370,책상용콤비의자,M201800463,2018-01-30,427000,시설팀(ERICA),운용전환(직접),운용,신품,시설팀(ERICA)로 운용전환(직접인계) 신청
2006-04-03,2006-04-03,2006-04-09,badbergjr,박대리,확정,5611210824917370,책상용콤비의자,M200500548,2005-12-03,402000,공학대학RC행정팀(ERICA),운용전환(직접),운용,신품,공학대학RC행정팀(ERICA)로 운용전환(직접인계) 신청
2015-12-26,2015-12-26,2016-01-02,badbergjr,박대리,확정,5612179825616834,칠판보조장,M201500389,2015-07-03,9744000,학생지원팀(ERICA),운용전환(직접),운용,신품,학생지원팀(ERICA)로 운용전환(직접인계) 신청
2006-03-05,2006-03-05,2006-03-12,badbergjr,박대리,확정,5610150222528723,소파,M200500487,2005-08-01,679000,공학대학RC행정팀(ERICA),운용전환(직접),운용,신품,공학대학RC행정팀(ERICA)로 운용전환(직접인계) 신청
2015-04-12,2015-04-12,2015-04-26,badbergjr,박대리,확정,5610170622575869,회의용탁자,M201400315,2014-09-22,775000,경상대학RC행정팀(ERICA),운용전환(직접),운용,신품,경상대학RC행정팀(ERICA)로 운용전환(직접인계) 신청
